Actual Occupancy,Predicted Occupancy,zone_42_label_raw
0.17241379618644714,0.24238641560077667,5.000000089406967
0.2068965584039688,0.2426271140575409,6.0000001937150955
0.2068965584039688,0.20182260870933533,6.0000001937150955
0.13793103396892548,0.16378706693649292,3.999999985098839
0.13793103396892548,0.1312611997127533,3.999999985098839
0.1034482792019844,0.13826125860214233,3.0000000968575478
0.13793103396892548,0.1807689666748047,3.999999985098839
0.17241379618644714,0.2171236127614975,5.000000089406967
0.2068965584039688,0.20981557667255402,6.0000001937150955
0.24137930572032928,0.12739834189414978,6.999999865889549
0.24137930572032928,0.13225600123405457,6.999999865889549
0.24137930572032928,0.10676267743110657,6.999999865889549
0.24137930572032928,0.14631137251853943,6.999999865889549
0.2068965584039688,0.1847810447216034,6.0000001937150955
0.17241379618644714,0.21566610038280487,5.000000089406967
0.1034482792019844,0.24588926136493683,3.0000000968575478
0.06896551698446274,0.24045789241790771,1.9999999925494194
0.03448275849223137,0.23948605358600616,0.9999999962747097
0.06896551698446274,0.2415374517440796,1.9999999925494194
0.06896551698446274,0.20621562004089355,1.9999999925494194
0.13793103396892548,0.1693706512451172,3.999999985098839
0.17241379618644714,0.09827467799186707,5.000000089406967
0.2068965584039688,0.06763777136802673,6.0000001937150955
0.24137930572032928,0.03910142183303833,6.999999865889549
0.24137930572032928,0.07667329907417297,6.999999865889549
0.24137930572032928,0.077790766954422,6.999999865889549
0.2068965584039688,0.14192217588424683,6.0000001937150955
0.17241379618644714,0.17569679021835327,5.000000089406967
0.1034482792019844,0.20455051958560944,3.0000000968575478
0.1034482792019844,0.23881910741329193,3.0000000968575478
0.1034482792019844,0.2386341243982315,3.0000000968575478
0.17241379618644714,0.23934109508991241,5.000000089406967
0.2068965584039688,0.20426404476165771,6.0000001937150955
0.24137930572032928,0.1707322746515274,6.999999865889549
0.24137930572032928,0.10084351897239685,6.999999865889549
0.24137930572032928,0.1061951220035553,6.999999865889549
0.24137930572032928,0.11184021830558777,6.999999865889549
0.24137930572032928,0.183631032705307,6.999999865889549
0.24137930572032928,0.21707414090633392,6.999999865889549
0.24137930572032928,0.24367117881774902,6.999999865889549
0.24137930572032928,0.2385053187608719,6.999999865889549
0.27586206793785095,0.236851766705513,7.999999970197678
0.27586206793785095,0.24158628284931183,7.999999970197678
0.27586206793785095,0.24455153942108154,7.999999970197678
0.27586206793785095,0.24660195410251617,7.999999970197678
0.27586206793785095,0.2454754114151001,7.999999970197678
0.24137930572032928,0.24457183480262756,6.999999865889549
0.2068965584039688,0.2837510406970978,6.0000001937150955
0.2068965584039688,0.2818084955215454,6.0000001937150955
0.17241379618644714,0.27673855423927307,5.000000089406967
0.17241379618644714,0.2762104272842407,5.000000089406967
0.17241379618644714,0.27719753980636597,5.000000089406967
0.2068965584039688,0.23580853641033173,6.0000001937150955
0.2068965584039688,0.1966126412153244,6.0000001937150955
0.24137930572032928,0.20440196990966797,6.999999865889549
0.24137930572032928,0.1677088737487793,6.999999865889549
0.24137930572032928,0.16981031000614166,6.999999865889549
0.24137930572032928,0.17300070822238922,6.999999865889549
0.24137930572032928,0.21277515590190887,6.999999865889549
0.27586206793785095,0.21019849181175232,7.999999970197678
0.27586206793785095,0.24525384604930878,7.999999970197678
0.3448275923728943,0.2445918470621109,10.000000178813934
0.3448275923728943,0.24123840034008026,10.000000178813934
0.3448275923728943,0.24277298152446747,10.000000178813934
0.27586206793785095,0.24417991936206818,7.999999970197678
0.27586206793785095,0.2851546108722687,7.999999970197678
0.24137930572032928,0.2830788493156433,6.999999865889549
0.24137930572032928,0.35845908522605896,6.999999865889549
0.24137930572032928,0.3551340103149414,6.999999865889549
0.24137930572032928,0.34558990597724915,6.999999865889549
0.24137930572032928,0.2585826516151428,6.999999865889549
0.24137930572032928,0.266564279794693,6.999999865889549
0.24137930572032928,0.23572973906993866,6.999999865889549
0.2068965584039688,0.23906943202018738,6.0000001937150955
0.17241379618644714,0.24263887107372284,5.000000089406967
0.13793103396892548,0.23960886895656586,3.999999985098839
0.1034482792019844,0.2384231686592102,3.0000000968575478
0.06896551698446274,0.2371336966753006,1.9999999925494194
0.06896551698446274,0.23959939181804657,1.9999999925494194
0.1034482792019844,0.1983914077281952,3.0000000968575478
0.13793103396892548,0.1621638536453247,3.999999985098839
0.2068965584039688,0.13012808561325073,6.0000001937150955
0.27586206793785095,0.0993579626083374,7.999999970197678
0.3103448152542114,0.06822031736373901,8.999999642372131
0.37931033968925476,0.07247748970985413,10.999999850988388
0.37931033968925476,0.11093100905418396,10.999999850988388
0.4137931168079376,0.14500635862350464,12.000000387430191
0.4137931168079376,0.21202221512794495,12.000000387430191
0.4137931168079376,0.27937424182891846,12.000000387430191
0.4137931168079376,0.3092855215072632,12.000000387430191
0.4482758641242981,0.37583643198013306,13.000000059604645
0.4482758641242981,0.3775547444820404,13.000000059604645
0.4482758641242981,0.412699818611145,13.000000059604645
0.4482758641242981,0.4163525104522705,13.000000059604645
0.4482758641242981,0.41586196422576904,13.000000059604645
0.4482758641242981,0.41683292388916016,13.000000059604645
0.48275861144065857,0.46065205335617065,13.999999731779099
0.48275861144065857,0.4595457911491394,13.999999731779099
0.48275861144065857,0.4503958225250244,13.999999731779099
0.48275861144065857,0.4481665790081024,13.999999731779099
0.48275861144065857,0.44703546166419983,13.999999731779099
0.48275861144065857,0.44770705699920654,13.999999731779099
0.4482758641242981,0.4945715665817261,13.000000059604645
0.4482758641242981,0.4922789931297302,13.000000059604645
0.4482758641242981,0.48350030183792114,13.000000059604645
0.4482758641242981,0.4810853898525238,13.000000059604645
0.4482758641242981,0.48120737075805664,13.000000059604645
0.4482758641242981,0.4817126989364624,13.000000059604645
0.48275861144065857,0.4319067597389221,13.999999731779099
0.48275861144065857,0.4364539682865143,13.999999731779099
0.48275861144065857,0.4431286156177521,13.999999731779099
0.48275861144065857,0.44458943605422974,13.999999731779099
0.48275861144065857,0.4436250925064087,13.999999731779099
0.48275861144065857,0.44293564558029175,13.999999731779099
0.48275861144065857,0.4911203384399414,13.999999731779099
0.4482758641242981,0.4879022538661957,13.000000059604645
0.4482758641242981,0.4813551902770996,13.000000059604645
0.4482758641242981,0.47942352294921875,13.000000059604645
0.4482758641242981,0.4801199436187744,13.000000059604645
0.4482758641242981,0.48065385222435,13.000000059604645
0.4482758641242981,0.48058027029037476,13.000000059604645
0.4482758641242981,0.4304025173187256,13.000000059604645
0.4482758641242981,0.4337933659553528,13.000000059604645
0.4482758641242981,0.4415079653263092,13.000000059604645
0.4482758641242981,0.44340264797210693,13.000000059604645
0.4482758641242981,0.44322794675827026,13.000000059604645
0.4482758641242981,0.44299185276031494,13.000000059604645
0.4482758641242981,0.44339388608932495,13.000000059604645
0.4482758641242981,0.4435179531574249,13.000000059604645
0.4482758641242981,0.4448947012424469,13.000000059604645
0.4482758641242981,0.4452091455459595,13.000000059604645
0.4482758641242981,0.445444792509079,13.000000059604645
0.4482758641242981,0.4452493190765381,13.000000059604645
0.4482758641242981,0.44495508074760437,13.000000059604645
0.4482758641242981,0.4446370601654053,13.000000059604645
0.4482758641242981,0.4443187117576599,13.000000059604645
0.4482758641242981,0.4441264271736145,13.000000059604645
0.4482758641242981,0.4440118074417114,13.000000059604645
0.4482758641242981,0.44422677159309387,13.000000059604645
0.4482758641242981,0.44448044896125793,13.000000059604645
0.4482758641242981,0.4447409510612488,13.000000059604645
0.4482758641242981,0.44509583711624146,13.000000059604645
0.4482758641242981,0.4452693462371826,13.000000059604645
0.4482758641242981,0.44539302587509155,13.000000059604645
0.4482758641242981,0.4454554319381714,13.000000059604645
0.4482758641242981,0.44537603855133057,13.000000059604645
0.4482758641242981,0.44531673192977905,13.000000059604645
0.4482758641242981,0.44519686698913574,13.000000059604645
0.4482758641242981,0.4450744390487671,13.000000059604645
0.4482758641242981,0.44497060775756836,13.000000059604645
0.4482758641242981,0.4449729323387146,13.000000059604645
0.48275861144065857,0.4449402987957001,13.999999731779099
0.4482758641242981,0.44486671686172485,13.000000059604645
0.48275861144065857,0.4448826313018799,13.999999731779099
0.4482758641242981,0.444760799407959,13.000000059604645
0.4482758641242981,0.4447947144508362,13.000000059604645
0.4137931168079376,0.44470155239105225,12.000000387430191
0.4137931168079376,0.493071973323822,12.000000387430191
0.4137931168079376,0.4410998523235321,12.000000387430191
0.4137931168079376,0.483612984418869,12.000000387430191
0.4482758641242981,0.4377841055393219,13.000000059604645
0.4482758641242981,0.43884360790252686,13.000000059604645
0.48275861144065857,0.3946077227592468,13.999999731779099
0.4482758641242981,0.4002516269683838,13.000000059604645
0.4482758641242981,0.4062243103981018,13.000000059604645
0.4137931168079376,0.4051399528980255,12.000000387430191
0.4137931168079376,0.45451223850250244,12.000000387430191
0.4137931168079376,0.444278359413147,12.000000387430191
0.37931033968925476,0.487384557723999,10.999999850988388
0.37931033968925476,0.4329186677932739,10.999999850988388
0.37931033968925476,0.43879327178001404,10.999999850988388
0.3448275923728943,0.39692747592926025,10.000000178813934
0.3448275923728943,0.4038647413253784,10.000000178813934
0.3448275923728943,0.411446213722229,10.000000178813934
0.3448275923728943,0.3615095019340515,10.000000178813934
0.3448275923728943,0.3640105128288269,10.000000178813934
0.3448275923728943,0.3672967553138733,10.000000178813934
0.37931033968925476,0.32007670402526855,10.999999850988388
0.37931033968925476,0.3246898055076599,10.999999850988388
0.37931033968925476,0.33556318283081055,10.999999850988388
0.37931033968925476,0.338265597820282,10.999999850988388
0.37931033968925476,0.339385449886322,10.999999850988388
0.37931033968925476,0.3402795195579529,10.999999850988388
0.37931033968925476,0.38649260997772217,10.999999850988388
0.37931033968925476,0.3838488459587097,10.999999850988388
0.37931033968925476,0.37886297702789307,10.999999850988388
0.37931033968925476,0.37802135944366455,10.999999850988388
0.37931033968925476,0.3789973258972168,10.999999850988388
0.37931033968925476,0.37947309017181396,10.999999850988388
0.37931033968925476,0.37912213802337646,10.999999850988388
0.4137931168079376,0.3791782855987549,12.000000387430191
0.4137931168079376,0.37795865535736084,12.000000387430191
0.4137931168079376,0.37784773111343384,12.000000387430191
0.4137931168079376,0.37771356105804443,12.000000387430191
0.4137931168079376,0.37789100408554077,12.000000387430191
0.4137931168079376,0.3782135844230652,12.000000387430191
0.4137931168079376,0.4241368770599365,12.000000387430191
0.4137931168079376,0.42141956090927124,12.000000387430191
0.4482758641242981,0.4144679307937622,13.000000059604645
0.48275861144065857,0.4125831723213196,13.999999731779099
0.48275861144065857,0.41268980503082275,13.999999731779099
0.4482758641242981,0.4131108522415161,13.000000059604645
0.4137931168079376,0.4127996563911438,12.000000387430191
0.3448275923728943,0.41276001930236816,10.000000178813934
0.3103448152542114,0.45828160643577576,8.999999642372131
0.27586206793785095,0.500896155834198,7.999999970197678
0.27586206793785095,0.4910827577114105,7.999999970197678
0.27586206793785095,0.43335819244384766,7.999999970197678
0.27586206793785095,0.3858153223991394,7.999999970197678
0.27586206793785095,0.29662594199180603,7.999999970197678
0.27586206793785095,0.2674759328365326,7.999999970197678
0.27586206793785095,0.23907144367694855,7.999999970197678
0.27586206793785095,0.2540340721607208,7.999999970197678
0.27586206793785095,0.26067787408828735,7.999999970197678
0.27586206793785095,0.2616986930370331,7.999999970197678
0.27586206793785095,0.26358455419540405,7.999999970197678
0.27586206793785095,0.26609399914741516,7.999999970197678
0.27586206793785095,0.270236611366272,7.999999970197678
0.27586206793785095,0.272993266582489,7.999999970197678
0.3103448152542114,0.2753586173057556,8.999999642372131
0.3448275923728943,0.27606624364852905,10.000000178813934
0.3448275923728943,0.276439368724823,10.000000178813934
0.3448275923728943,0.2765052914619446,10.000000178813934
0.27586206793785095,0.27671200037002563,7.999999970197678
0.27586206793785095,0.2767680287361145,7.999999970197678
0.24137930572032928,0.31897181272506714,6.999999865889549
0.27586206793785095,0.35883304476737976,7.999999970197678
0.27586206793785095,0.3516451120376587,7.999999970197678
0.27586206793785095,0.3451248109340668,7.999999970197678
0.27586206793785095,0.25707733631134033,7.999999970197678
0.27586206793785095,0.2653082609176636,7.999999970197678
0.27586206793785095,0.2328132539987564,7.999999970197678
0.27586206793785095,0.2810921370983124,7.999999970197678
0.27586206793785095,0.28085142374038696,7.999999970197678
0.27586206793785095,0.2735963463783264,7.999999970197678
0.27586206793785095,0.27144569158554077,7.999999970197678
0.27586206793785095,0.2713397741317749,7.999999970197678
0.27586206793785095,0.27448874711990356,7.999999970197678
0.27586206793785095,0.27493974566459656,7.999999970197678
0.27586206793785095,0.27686190605163574,7.999999970197678
0.27586206793785095,0.27618539333343506,7.999999970197678
0.27586206793785095,0.27642083168029785,7.999999970197678
0.27586206793785095,0.2765003740787506,7.999999970197678
0.27586206793785095,0.27655866742134094,7.999999970197678
0.27586206793785095,0.2765812277793884,7.999999970197678
0.27586206793785095,0.27665019035339355,7.999999970197678
0.27586206793785095,0.2767598628997803,7.999999970197678
0.27586206793785095,0.2769355773925781,7.999999970197678
0.27586206793785095,0.27705657482147217,7.999999970197678
0.27586206793785095,0.2770625054836273,7.999999970197678
0.27586206793785095,0.2769383490085602,7.999999970197678
0.27586206793785095,0.27678990364074707,7.999999970197678
0.27586206793785095,0.27675187587738037,7.999999970197678
0.27586206793785095,0.2767108678817749,7.999999970197678
0.27586206793785095,0.2767765522003174,7.999999970197678
0.3103448152542114,0.2768239378929138,8.999999642372131
0.3448275923728943,0.27686017751693726,10.000000178813934
0.37931033968925476,0.27698639035224915,10.999999850988388
0.4137931168079376,0.27684485912323,12.000000387430191
0.4137931168079376,0.277152419090271,12.000000387430191
0.37931033968925476,0.2774374485015869,10.999999850988388
0.3448275923728943,0.31932196021080017,10.000000178813934
0.3103448152542114,0.35869544744491577,8.999999642372131
0.3103448152542114,0.390514999628067,8.999999642372131
0.3103448152542114,0.42113786935806274,8.999999642372131
0.3103448152542114,0.4132319390773773,8.999999642372131
0.3103448152542114,0.36773112416267395,8.999999642372131
0.3103448152542114,0.3286018371582031,8.999999642372131
0.3103448152542114,0.29393261671066284,8.999999642372131
0.3448275923728943,0.3045637011528015,10.000000178813934
0.3448275923728943,0.30771970748901367,10.000000178813934
0.3448275923728943,0.3032281696796417,10.000000178813934
0.3103448152542114,0.2976036071777344,8.999999642372131
0.27586206793785095,0.2949615716934204,7.999999970197678
0.27586206793785095,0.2968218922615051,7.999999970197678
0.27586206793785095,0.3466290831565857,7.999999970197678
0.27586206793785095,0.3484939932823181,7.999999970197678
0.27586206793785095,0.34475430846214294,7.999999970197678
0.27586206793785095,0.3002374768257141,7.999999970197678
0.27586206793785095,0.25953149795532227,7.999999970197678
0.27586206793785095,0.269795298576355,7.999999970197678
0.27586206793785095,0.2765502333641052,7.999999970197678
0.27586206793785095,0.2769923210144043,7.999999970197678
0.27586206793785095,0.27461329102516174,7.999999970197678
0.27586206793785095,0.2739640176296234,7.999999970197678
0.24137930572032928,0.2737813889980316,6.999999865889549
0.2068965584039688,0.2749691605567932,6.0000001937150955
0.17241379618644714,0.27633392810821533,5.000000089406967
0.13793103396892548,0.2766853868961334,3.999999985098839
0.17241379618644714,0.2768439054489136,5.000000089406967
0.2068965584039688,0.27663326263427734,6.0000001937150955
0.24137930572032928,0.23388709127902985,6.999999865889549
0.27586206793785095,0.19451111555099487,7.999999970197678
0.27586206793785095,0.16103950142860413,7.999999970197678
0.27586206793785095,0.12903615832328796,7.999999970197678
0.27586206793785095,0.1757097840309143,7.999999970197678
0.27586206793785095,0.21762488782405853,7.999999970197678
0.27586206793785095,0.2503511905670166,7.999999970197678
0.27586206793785095,0.2814671993255615,7.999999970197678
0.27586206793785095,0.27593091130256653,7.999999970197678
0.27586206793785095,0.27335798740386963,7.999999970197678
0.24137930572032928,0.2759796977043152,6.999999865889549
0.24137930572032928,0.2795112729072571,6.999999865889549
0.17241379618644714,0.2801415026187897,5.000000089406967
0.24137930572032928,0.2795830965042114,6.999999865889549
0.3103448152542114,0.27860027551651,8.999999642372131
0.4137931168079376,0.2772461771965027,12.000000387430191
0.4482758641242981,0.23412643373012543,13.000000059604645
0.4137931168079376,0.23680388927459717,12.000000387430191
0.3448275923728943,0.1577504575252533,10.000000178813934
0.27586206793785095,0.24623499810695648,7.999999970197678
0.27586206793785095,0.3336865305900574,7.999999970197678
0.27586206793785095,0.4394744336605072,7.999999970197678
0.27586206793785095,0.46342170238494873,7.999999970197678
0.27586206793785095,0.40481898188591003,7.999999970197678
0.27586206793785095,0.3159112334251404,7.999999970197678
0.27586206793785095,0.2413128763437271,7.999999970197678
0.24137930572032928,0.2668774724006653,6.999999865889549
0.24137930572032928,0.27852705121040344,6.999999865889549
0.24137930572032928,0.27629798650741577,6.999999865889549
0.24137930572032928,0.26943039894104004,6.999999865889549
0.24137930572032928,0.2662038207054138,6.999999865889549
0.27586206793785095,0.2669629156589508,7.999999970197678
0.27586206793785095,0.22634068131446838,7.999999970197678
0.27586206793785095,0.23422561585903168,7.999999970197678
0.24137930572032928,0.2411983162164688,6.999999865889549
0.2068965584039688,0.2426561862230301,6.0000001937150955
0.17241379618644714,0.24180468916893005,5.000000089406967
0.17241379618644714,0.2826758027076721,5.000000089406967
0.2068965584039688,0.28059738874435425,6.0000001937150955
0.24137930572032928,0.2753564715385437,6.999999865889549
0.27586206793785095,0.23388038575649261,7.999999970197678
0.27586206793785095,0.1961996853351593,7.999999970197678
0.27586206793785095,0.16382241249084473,7.999999970197678
0.27586206793785095,0.1716030240058899,7.999999970197678
0.27586206793785095,0.21621841192245483,7.999999970197678
0.27586206793785095,0.25267601013183594,7.999999970197678
0.27586206793785095,0.28471624851226807,7.999999970197678
0.27586206793785095,0.27670159935951233,7.999999970197678
0.27586206793785095,0.2730777859687805,7.999999970197678
0.24137930572032928,0.27534276247024536,6.999999865889549
0.2068965584039688,0.27863916754722595,6.0000001937150955
0.13793103396892548,0.2801184058189392,3.999999985098839
0.13793103396892548,0.2796684205532074,3.999999985098839
0.13793103396892548,0.2787613272666931,3.999999985098839
0.2068965584039688,0.27734819054603577,6.0000001937150955
0.24137930572032928,0.23417307436466217,6.999999865889549
0.27586206793785095,0.19447636604309082,7.999999970197678
0.27586206793785095,0.12000450491905212,7.999999970197678
0.27586206793785095,0.13113448023796082,7.999999970197678
0.27586206793785095,0.1403447985649109,7.999999970197678
0.24137930572032928,0.21848058700561523,6.999999865889549
0.24137930572032928,0.25295451283454895,6.999999865889549
0.24137930572032928,0.28027430176734924,6.999999865889549
0.24137930572032928,0.2739885449409485,6.999999865889549
0.24137930572032928,0.2716524004936218,6.999999865889549
0.27586206793785095,0.27619871497154236,7.999999970197678
0.27586206793785095,0.23849092423915863,7.999999970197678
0.27586206793785095,0.24230162799358368,7.999999970197678
0.27586206793785095,0.24571968615055084,7.999999970197678
0.24137930572032928,0.2452193647623062,6.999999865889549
0.24137930572032928,0.24266263842582703,6.999999865889549
0.24137930572032928,0.2830181121826172,6.999999865889549
0.24137930572032928,0.28077638149261475,6.999999865889549
0.2068965584039688,0.2755681872367859,6.0000001937150955
0.2068965584039688,0.27585601806640625,6.0000001937150955
0.13793103396892548,0.23482684791088104,3.999999985098839
0.13793103396892548,0.23811741173267365,3.999999985098839
0.13793103396892548,0.24306774139404297,3.999999985098839
0.2068965584039688,0.2437465488910675,6.0000001937150955
0.24137930572032928,0.1996990442276001,6.999999865889549
0.3103448152542114,0.2016487419605255,8.999999642372131
0.3103448152542114,0.12493890523910522,8.999999642372131
0.3448275923728943,0.1310195028781891,10.000000178813934
0.3448275923728943,0.14075934886932373,10.000000178813934
0.3448275923728943,0.218600332736969,10.000000178813934
0.3448275923728943,0.25333479046821594,10.000000178813934
0.3448275923728943,0.3180803060531616,10.000000178813934
0.3448275923728943,0.31226587295532227,10.000000178813934
0.3448275923728943,0.34331321716308594,10.000000178813934
0.3448275923728943,0.34677654504776,10.000000178813934
0.3448275923728943,0.3457244038581848,10.000000178813934
0.3448275923728943,0.34813839197158813,10.000000178813934
0.37931033968925476,0.3483957052230835,10.999999850988388
0.4137931168079376,0.34890028834342957,12.000000387430191
0.4137931168079376,0.34690719842910767,12.000000387430191
0.4482758641242981,0.34671786427497864,13.000000059604645
0.4482758641242981,0.3454087972640991,13.000000059604645
0.4482758641242981,0.345199853181839,13.000000059604645
0.4482758641242981,0.3895217180252075,13.000000059604645
0.48275861144065857,0.43091848492622375,13.999999731779099
0.48275861144065857,0.42240485548973083,13.999999731779099
0.48275861144065857,0.4583705961704254,13.999999731779099
0.48275861144065857,0.45577526092529297,13.999999731779099
0.48275861144065857,0.4503554701805115,13.999999731779099
0.48275861144065857,0.4493042230606079,13.999999731779099
0.4482758641242981,0.49551063776016235,13.000000059604645
0.4482758641242981,0.4931001663208008,13.000000059604645
0.4482758641242981,0.48406004905700684,13.000000059604645
0.4482758641242981,0.4813646376132965,13.000000059604645
0.4482758641242981,0.48008599877357483,13.000000059604645
0.4482758641242981,0.48031067848205566,13.000000059604645
0.4482758641242981,0.42977482080459595,13.000000059604645
0.4482758641242981,0.43457233905792236,13.000000059604645
0.4482758641242981,0.4415734112262726,13.000000059604645
0.4482758641242981,0.4435998201370239,13.000000059604645
0.4482758641242981,0.4430748522281647,13.000000059604645
0.4482758641242981,0.44277310371398926,13.000000059604645
0.4482758641242981,0.44299668073654175,13.000000059604645
0.4482758641242981,0.44291025400161743,13.000000059604645
0.4482758641242981,0.44429755210876465,13.000000059604645
0.48275861144065857,0.4446130692958832,13.999999731779099
0.48275861144065857,0.4450618028640747,13.999999731779099
0.48275861144065857,0.44518905878067017,13.999999731779099
0.48275861144065857,0.4453573226928711,13.999999731779099
0.48275861144065857,0.4457274377346039,13.999999731779099
0.48275861144065857,0.4457938075065613,13.999999731779099
0.48275861144065857,0.49335217475891113,13.999999731779099
0.48275861144065857,0.4905942678451538,13.999999731779099
0.48275861144065857,0.4829123020172119,13.999999731779099
0.48275861144065857,0.4806535840034485,13.999999731779099
0.48275861144065857,0.4808482527732849,13.999999731779099
0.48275861144065857,0.48112747073173523,13.999999731779099
0.48275861144065857,0.4806615114212036,13.999999731779099
0.48275861144065857,0.480874240398407,13.999999731779099
0.48275861144065857,0.4796043038368225,13.999999731779099
0.48275861144065857,0.4796786904335022,13.999999731779099
0.48275861144065857,0.4794027805328369,13.999999731779099
0.48275861144065857,0.47953760623931885,13.999999731779099
0.48275861144065857,0.47957444190979004,13.999999731779099
0.48275861144065857,0.47962576150894165,13.999999731779099
0.48275861144065857,0.47948479652404785,13.999999731779099
0.4482758641242981,0.4792209267616272,13.000000059604645
0.4482758641242981,0.478866308927536,13.000000059604645
0.4482758641242981,0.4782564342021942,13.000000059604645
0.4482758641242981,0.4780624508857727,13.000000059604645
0.4482758641242981,0.4779519736766815,13.000000059604645
0.4482758641242981,0.4778811037540436,13.000000059604645
0.4482758641242981,0.42688000202178955,13.000000059604645
0.4482758641242981,0.4317253530025482,13.000000059604645
0.4482758641242981,0.43975624442100525,13.000000059604645
0.4482758641242981,0.4418732523918152,13.000000059604645
0.4482758641242981,0.44148337841033936,13.000000059604645
0.4482758641242981,0.44088998436927795,13.000000059604645
0.48275861144065857,0.44112712144851685,13.999999731779099
0.48275861144065857,0.4408288300037384,13.999999731779099
0.48275861144065857,0.44222885370254517,13.999999731779099
0.48275861144065857,0.4421967566013336,13.999999731779099
0.48275861144065857,0.4425501227378845,13.999999731779099
0.48275861144065857,0.4424002766609192,13.999999731779099
0.48275861144065857,0.49072355031967163,13.999999731779099
0.48275861144065857,0.4878104329109192,13.999999731779099
0.48275861144065857,0.47992146015167236,13.999999731779099
0.48275861144065857,0.4777071475982666,13.999999731779099
0.48275861144065857,0.47808653116226196,13.999999731779099
0.48275861144065857,0.4791906476020813,13.999999731779099
0.517241358757019,0.4791969954967499,14.999999403953552
0.517241358757019,0.4797776937484741,14.999999403953552
0.517241358757019,0.47857117652893066,14.999999403953552
0.517241358757019,0.4784437417984009,14.999999403953552
0.517241358757019,0.4783629775047302,14.999999403953552
0.517241358757019,0.47872334718704224,14.999999403953552
0.517241358757019,0.5271930694580078,14.999999403953552
0.517241358757019,0.5246853232383728,14.999999403953552
0.517241358757019,0.516633152961731,14.999999403953552
0.517241358757019,0.5141434669494629,14.999999403953552
0.48275861144065857,0.5142790675163269,13.999999731779099
0.48275861144065857,0.5146813988685608,13.999999731779099
0.48275861144065857,0.5145310163497925,13.999999731779099
0.48275861144065857,0.5146487951278687,13.999999731779099
0.48275861144065857,0.5133892297744751,13.999999731779099
0.48275861144065857,0.5128552913665771,13.999999731779099
0.48275861144065857,0.46092861890792847,13.999999731779099
0.48275861144065857,0.46537676453590393,13.999999731779099
0.48275861144065857,0.4737522602081299,13.999999731779099
0.48275861144065857,0.47657227516174316,13.999999731779099
0.48275861144065857,0.4764554798603058,13.999999731779099
0.48275861144065857,0.47615647315979004,13.999999731779099
0.48275861144065857,0.4762856066226959,13.999999731779099
0.48275861144065857,0.4763748347759247,13.999999731779099
0.48275861144065857,0.47803980112075806,13.999999731779099
0.48275861144065857,0.4787371754646301,13.999999731779099
0.48275861144065857,0.4792625904083252,13.999999731779099
0.48275861144065857,0.479184627532959,13.999999731779099
0.48275861144065857,0.4791337251663208,13.999999731779099
0.48275861144065857,0.4790109395980835,13.999999731779099
0.48275861144065857,0.4790167808532715,13.999999731779099
0.48275861144065857,0.47890734672546387,13.999999731779099
0.517241358757019,0.47884511947631836,14.999999403953552
0.517241358757019,0.4787701368331909,14.999999403953552
0.5517241358757019,0.47871267795562744,15.999999940395355
0.5517241358757019,0.4783095717430115,15.999999940395355
0.5517241358757019,0.478019118309021,15.999999940395355
0.517241358757019,0.47758492827415466,14.999999403953552
0.517241358757019,0.5258573293685913,14.999999403953552
0.517241358757019,0.5229372978210449,14.999999403953552
0.5517241358757019,0.5620539784431458,15.999999940395355
0.5517241358757019,0.5574616193771362,15.999999940395355
0.5517241358757019,0.5495136976242065,15.999999940395355
0.5517241358757019,0.49775946140289307,15.999999940395355
0.517241358757019,0.5017560124397278,14.999999403953552
0.48275861144065857,0.5112860202789307,13.999999731779099
0.4482758641242981,0.5626593232154846,13.000000059604645
0.48275861144065857,0.5564274787902832,13.999999731779099
0.48275861144065857,0.5418248176574707,13.999999731779099
0.4482758641242981,0.5376941561698914,13.000000059604645
0.4482758641242981,0.492795467376709,13.000000059604645
0.4137931168079376,0.4497796893119812,12.000000387430191
0.4137931168079376,0.41136837005615234,12.000000387430191
0.4137931168079376,0.4791618585586548,12.000000387430191
0.4137931168079376,0.48161792755126953,12.000000387430191
0.4137931168079376,0.4179328680038452,12.000000387430191
0.4137931168079376,0.4161061644554138,12.000000387430191
0.37931033968925476,0.3692883253097534,10.999999850988388
0.37931033968925476,0.38178858160972595,10.999999850988388
0.37931033968925476,0.3954974412918091,10.999999850988388
0.37931033968925476,0.40392571687698364,10.999999850988388
0.37931033968925476,0.40548408031463623,10.999999850988388
0.37931033968925476,0.40678349137306213,10.999999850988388
0.37931033968925476,0.3584466874599457,10.999999850988388
0.37931033968925476,0.3639981746673584,10.999999850988388
0.37931033968925476,0.37317121028900146,10.999999850988388
0.37931033968925476,0.37537944316864014,10.999999850988388
0.37931033968925476,0.375423789024353,10.999999850988388
0.37931033968925476,0.3750867247581482,10.999999850988388
0.3448275923728943,0.375174343585968,10.000000178813934
0.3448275923728943,0.37512874603271484,10.000000178813934
0.3448275923728943,0.37648850679397583,10.000000178813934
0.3103448152542114,0.3768150508403778,8.999999642372131
0.27586206793785095,0.37752658128738403,7.999999970197678
0.24137930572032928,0.3777387738227844,6.999999865889549
0.24137930572032928,0.33075380325317383,6.999999865889549
0.27586206793785095,0.33534878492355347,7.999999970197678
0.3103448152542114,0.34220391511917114,8.999999642372131
0.3448275923728943,0.2967028319835663,10.000000178813934
0.3103448152542114,0.2539617717266083,8.999999642372131
0.27586206793785095,0.21835577487945557,7.999999970197678
0.24137930572032928,0.23010455071926117,6.999999865889549
0.2068965584039688,0.2808566391468048,6.0000001937150955
0.2068965584039688,0.32258152961730957,6.0000001937150955
0.2068965584039688,0.3562866151332855,6.0000001937150955
0.3103448152542114,0.30371469259262085,8.999999642372131
0.3448275923728943,0.25884997844696045,10.000000178813934
0.37931033968925476,0.2265857458114624,10.999999850988388
0.37931033968925476,0.1967821717262268,10.999999850988388
0.37931033968925476,0.20606538653373718,10.999999850988388
0.3448275923728943,0.2097761034965515,10.000000178813934
0.3448275923728943,0.330051064491272,10.000000178813934
0.3448275923728943,0.36411184072494507,10.000000178813934
0.3448275923728943,0.38742494583129883,10.000000178813934
0.3448275923728943,0.3789619207382202,10.000000178813934
0.3103448152542114,0.3763318359851837,8.999999642372131
0.27586206793785095,0.3370010554790497,7.999999970197678
0.24137930572032928,0.34191399812698364,6.999999865889549
0.2068965584039688,0.34957408905029297,6.0000001937150955
0.2068965584039688,0.34785687923431396,6.0000001937150955
0.2068965584039688,0.34547343850135803,6.0000001937150955
0.24137930572032928,0.2964632213115692,6.999999865889549
0.3103448152542114,0.2539375424385071,8.999999642372131
0.3448275923728943,0.21885034441947937,10.000000178813934
0.3448275923728943,0.187030628323555,10.000000178813934
0.27586206793785095,0.19788993895053864,7.999999970197678
0.24137930572032928,0.20396500825881958,6.999999865889549
0.2068965584039688,0.24612337350845337,6.0000001937150955
0.24137930572032928,0.325202614068985,6.999999865889549
0.27586206793785095,0.3579835295677185,7.999999970197678
0.27586206793785095,0.3463362753391266,7.999999970197678
0.27586206793785095,0.2573791742324829,7.999999970197678
0.2068965584039688,0.2240540236234665,6.0000001937150955
0.2068965584039688,0.1977778971195221,6.0000001937150955
0.2068965584039688,0.24940070509910583,6.0000001937150955
0.27586206793785095,0.29246312379837036,7.999999970197678
0.3103448152542114,0.28153806924819946,8.999999642372131
0.3448275923728943,0.2723481357097626,10.000000178813934
0.3448275923728943,0.18594990670681,10.000000178813934
0.3448275923728943,0.19604063034057617,10.000000178813934
0.3448275923728943,0.20848453044891357,10.000000178813934
0.3103448152542114,0.2927083671092987,8.999999642372131
0.27586206793785095,0.3281185030937195,7.999999970197678
0.2068965584039688,0.35475513339042664,6.0000001937150955
0.2068965584039688,0.34633973240852356,6.0000001937150955
0.2068965584039688,0.34151679277420044,6.0000001937150955
0.24137930572032928,0.3453192412853241,6.999999865889549
0.24137930572032928,0.3042593002319336,6.999999865889549
0.2068965584039688,0.2647569179534912,6.0000001937150955
0.2068965584039688,0.18316254019737244,6.0000001937150955
0.2068965584039688,0.19523996114730835,6.0000001937150955
0.27586206793785095,0.20424973964691162,7.999999970197678
0.27586206793785095,0.2472010850906372,7.999999970197678
0.27586206793785095,0.24263936281204224,7.999999970197678
0.2068965584039688,0.1949327439069748,6.0000001937150955
0.17241379618644714,0.19864150881767273,5.000000089406967
0.13793103396892548,0.20598557591438293,3.999999985098839
0.17241379618644714,0.28946787118911743,5.000000089406967
0.2068965584039688,0.286590576171875,6.0000001937150955
0.27586206793785095,0.2767984867095947,7.999999970197678
0.27586206793785095,0.19269707798957825,7.999999970197678
0.27586206793785095,0.15896031260490417,7.999999970197678
0.2068965584039688,0.1331603229045868,6.0000001937150955
0.17241379618644714,0.17965969443321228,5.000000089406967
0.13793103396892548,0.22107073664665222,3.999999985098839
0.17241379618644714,0.29007935523986816,5.000000089406967
0.17241379618644714,0.28058141469955444,5.000000089406967
0.24137930572032928,0.2700815200805664,6.999999865889549
0.24137930572032928,0.19188639521598816,6.999999865889549
0.27586206793785095,0.161076620221138,7.999999970197678
0.27586206793785095,0.13655400276184082,7.999999970197678
0.27586206793785095,0.18143221735954285,7.999999970197678
0.27586206793785095,0.18212229013442993,7.999999970197678
0.27586206793785095,0.25162047147750854,7.999999970197678
0.24137930572032928,0.2465866506099701,6.999999865889549
0.24137930572032928,0.27636462450027466,6.999999865889549
0.17241379618644714,0.2766193747520447,5.000000089406967
0.17241379618644714,0.2753037214279175,5.000000089406967
0.13793103396892548,0.2782198190689087,3.999999985098839
0.13793103396892548,0.2790481746196747,3.999999985098839
0.17241379618644714,0.23911751806735992,5.000000089406967
0.17241379618644714,0.2394101619720459,5.000000089406967
0.24137930572032928,0.1608465015888214,6.999999865889549
0.27586206793785095,0.16526150703430176,7.999999970197678
0.3103448152542114,0.13365814089775085,8.999999642372131
0.3103448152542114,0.1364695131778717,8.999999642372131
0.3103448152542114,0.17831914126873016,8.999999642372131
0.3103448152542114,0.17624861001968384,8.999999642372131
0.3103448152542114,0.24857474863529205,8.999999642372131
0.3103448152542114,0.28398650884628296,8.999999642372131
0.3103448152542114,0.3155835270881653,8.999999642372131
0.3103448152542114,0.3102766275405884,8.999999642372131
0.3448275923728943,0.30875417590141296,10.000000178813934
0.3448275923728943,0.31182152032852173,10.000000178813934
0.3448275923728943,0.3135678768157959,10.000000178813934
0.3448275923728943,0.31525981426239014,10.000000178813934
0.3448275923728943,0.31384724378585815,10.000000178813934
0.3103448152542114,0.31284046173095703,8.999999642372131
0.3448275923728943,0.354523241519928,10.000000178813934
0.3448275923728943,0.35187846422195435,10.000000178813934
0.3448275923728943,0.34571969509124756,10.000000178813934
0.37931033968925476,0.34452706575393677,10.999999850988388
0.37931033968925476,0.3451820909976959,10.999999850988388
0.37931033968925476,0.30049940943717957,10.999999850988388
0.37931033968925476,0.34849196672439575,10.999999850988388
0.37931033968925476,0.3517763912677765,10.999999850988388
0.37931033968925476,0.34557652473449707,10.999999850988388
0.3448275923728943,0.38785964250564575,10.000000178813934
0.37931033968925476,0.38512229919433594,10.999999850988388
0.37931033968925476,0.37942785024642944,10.999999850988388
0.4137931168079376,0.3779149055480957,12.000000387430191
0.4137931168079376,0.37989193201065063,12.000000387430191
0.4137931168079376,0.3795742988586426,12.000000387430191
0.37931033968925476,0.3325806260108948,10.999999850988388
0.3448275923728943,0.38251060247421265,10.000000178813934
0.3448275923728943,0.3847202658653259,10.000000178813934
0.3448275923728943,0.42501914501190186,10.000000178813934
0.3448275923728943,0.4200558364391327,10.000000178813934
0.3448275923728943,0.4133831858634949,10.000000178813934
0.3448275923728943,0.3652079701423645,10.000000178813934
0.3448275923728943,0.32174569368362427,10.000000178813934
0.37931033968925476,0.33456504344940186,10.999999850988388
0.37931033968925476,0.3416159749031067,10.999999850988388
0.4137931168079376,0.34258344769477844,12.000000387430191
0.4137931168079376,0.3397507071495056,12.000000387430191
0.4137931168079376,0.3390926420688629,12.000000387430191
0.4137931168079376,0.3390132486820221,12.000000387430191
0.4137931168079376,0.3860233426094055,12.000000387430191
0.48275861144065857,0.3850746750831604,13.999999731779099
0.48275861144065857,0.42387139797210693,13.999999731779099
0.517241358757019,0.4207630753517151,14.999999403953552
0.48275861144065857,0.4151667058467865,13.999999731779099
0.48275861144065857,0.4143134355545044,13.999999731779099
0.4482758641242981,0.4148907959461212,13.000000059604645
0.4482758641242981,0.504069447517395,13.000000059604645
0.48275861144065857,0.49758756160736084,13.999999731779099
0.48275861144065857,0.5262962579727173,13.999999731779099
0.517241358757019,0.4737800359725952,14.999999403953552
0.517241358757019,0.47422927618026733,14.999999403953552
0.517241358757019,0.431896448135376,14.999999403953552
0.5517241358757019,0.43822354078292847,15.999999940395355
0.5517241358757019,0.4948198199272156,15.999999940395355
0.5517241358757019,0.49049293994903564,15.999999940395355
0.5517241358757019,0.5281462669372559,15.999999940395355
0.5517241358757019,0.5186502933502197,15.999999940395355
0.5517241358757019,0.5118012428283691,15.999999940395355
0.5517241358757019,0.5571820735931396,15.999999940395355
0.5517241358757019,0.558917224407196,15.999999940395355
0.5517241358757019,0.5524049997329712,15.999999940395355
0.5517241358757019,0.5495268702507019,15.999999940395355
0.5517241358757019,0.5496371388435364,15.999999940395355
0.5517241358757019,0.5488160848617554,15.999999940395355
0.5517241358757019,0.548401951789856,15.999999940395355
0.5862069129943848,0.5480620861053467,17.000000476837158
0.5862069129943848,0.5465787053108215,17.000000476837158
0.5862069129943848,0.5458186864852905,17.000000476837158
0.5862069129943848,0.5449060201644897,17.000000476837158
0.5862069129943848,0.5444296002388,17.000000476837158
0.6206896305084229,0.5441761612892151,17.999999284744263
0.6206896305084229,0.5933324694633484,17.999999284744263
0.6206896305084229,0.5914192199707031,17.999999284744263
0.6206896305084229,0.5826404094696045,17.999999284744263
0.6206896305084229,0.5797810554504395,17.999999284744263
0.6206896305084229,0.5796878933906555,17.999999284744263
0.6206896305084229,0.6283714771270752,17.999999284744263
0.6206896305084229,0.6269726753234863,17.999999284744263
0.6206896305084229,0.6183032393455505,17.999999284744263
0.6206896305084229,0.6139146089553833,17.999999284744263
0.6206896305084229,0.6133925914764404,17.999999284744263
0.6206896305084229,0.6133050918579102,17.999999284744263
0.6206896305084229,0.6131682395935059,17.999999284744263
0.6206896305084229,0.6127912998199463,17.999999284744263
0.6206896305084229,0.6108728051185608,17.999999284744263
0.6206896305084229,0.6097167134284973,17.999999284744263
0.6206896305084229,0.6087380647659302,17.999999284744263
0.6206896305084229,0.6082185506820679,17.999999284744263
0.6551724076271057,0.6083959937095642,18.999999821186066
0.6551724076271057,0.6086946129798889,18.999999821186066
0.6551724076271057,0.6094323396682739,18.999999821186066
0.6206896305084229,0.6105273365974426,17.999999284744263
0.6206896305084229,0.6113795638084412,17.999999284744263
0.6206896305084229,0.6123591065406799,17.999999284744263
0.5862069129943848,0.6607354879379272,17.000000476837158
0.5862069129943848,0.6595022678375244,17.000000476837158
0.5862069129943848,0.6503571271896362,17.000000476837158
0.5862069129943848,0.5966073274612427,17.000000476837158
0.5862069129943848,0.5986732244491577,17.000000476837158
0.5862069129943848,0.6081761717796326,17.000000476837158
0.5862069129943848,0.5586257576942444,17.000000476837158
0.5862069129943848,0.5625373125076294,17.000000476837158
0.5517241358757019,0.5706686973571777,15.999999940395355
0.5517241358757019,0.5736632943153381,15.999999940395355
0.5517241358757019,0.5736439228057861,15.999999940395355
0.5517241358757019,0.5748107433319092,15.999999940395355
0.5517241358757019,0.5754522085189819,15.999999940395355
0.5517241358757019,0.5760257840156555,15.999999940395355
0.5517241358757019,0.5249019265174866,15.999999940395355
0.5517241358757019,0.5294439196586609,15.999999940395355
0.5517241358757019,0.5391345620155334,15.999999940395355
0.517241358757019,0.5421416759490967,14.999999403953552
0.517241358757019,0.5421725511550903,14.999999403953552
0.517241358757019,0.5417808294296265,14.999999403953552
0.5517241358757019,0.5418573617935181,15.999999940395355
0.5517241358757019,0.5418215394020081,15.999999940395355
0.5517241358757019,0.5433355569839478,15.999999940395355
0.5517241358757019,0.4918666183948517,15.999999940395355
0.5517241358757019,0.4971429705619812,15.999999940395355
0.5517241358757019,0.5064990520477295,15.999999940395355
0.517241358757019,0.5595022439956665,14.999999403953552
0.517241358757019,0.5568625926971436,14.999999403953552
0.517241358757019,0.5480533838272095,14.999999403953552
0.517241358757019,0.5451656579971313,14.999999403953552
0.517241358757019,0.5450692176818848,14.999999403953552
0.517241358757019,0.5464292764663696,14.999999403953552
0.517241358757019,0.4949628412723541,14.999999403953552
0.517241358757019,0.4991729259490967,14.999999403953552
0.517241358757019,0.5063917636871338,14.999999403953552
0.517241358757019,0.5084004998207092,14.999999403953552
0.517241358757019,0.5080789923667908,14.999999403953552
0.517241358757019,0.5081532597541809,14.999999403953552
0.517241358757019,0.5089192390441895,14.999999403953552
0.517241358757019,0.5097634792327881,14.999999403953552
0.517241358757019,0.5115197896957397,14.999999403953552
0.517241358757019,0.5121980309486389,14.999999403953552
0.517241358757019,0.5128438472747803,14.999999403953552
0.517241358757019,0.5128494501113892,14.999999403953552
0.517241358757019,0.5128534436225891,14.999999403953552
0.517241358757019,0.5128681659698486,14.999999403953552
0.517241358757019,0.5125992894172668,14.999999403953552
0.5517241358757019,0.5126058459281921,15.999999940395355
0.5517241358757019,0.5125218629837036,15.999999940395355
0.517241358757019,0.5127031207084656,14.999999403953552
0.517241358757019,0.5131185054779053,14.999999403953552
0.517241358757019,0.5133697986602783,14.999999403953552
0.517241358757019,0.5134305953979492,14.999999403953552
0.48275861144065857,0.5616070032119751,13.999999731779099
0.48275861144065857,0.5592101812362671,13.999999731779099
0.4482758641242981,0.500749945640564,13.000000059604645
0.4482758641242981,0.5016950368881226,13.000000059604645
0.4482758641242981,0.5099149942398071,13.000000059604645
0.4482758641242981,0.5124490857124329,13.000000059604645
0.4482758641242981,0.45986127853393555,13.000000059604645
0.4482758641242981,0.4637593626976013,13.000000059604645
0.4482758641242981,0.41851651668548584,13.000000059604645
0.4482758641242981,0.42630088329315186,13.000000059604645
0.4482758641242981,0.43586328625679016,13.000000059604645
0.4482758641242981,0.4384753108024597,13.000000059604645
0.4137931168079376,0.4390968680381775,12.000000387430191
0.4137931168079376,0.4384981095790863,12.000000387430191
0.37931033968925476,0.43994665145874023,10.999999850988388
0.37931033968925476,0.4403149485588074,10.999999850988388
0.3448275923728943,0.4421151280403137,10.000000178813934
0.3103448152542114,0.4427669644355774,8.999999642372131
0.27586206793785095,0.3931788206100464,7.999999970197678
0.24137930572032928,0.3983830213546753,6.999999865889549
0.24137930572032928,0.35574597120285034,6.999999865889549
0.27586206793785095,0.36344999074935913,7.999999970197678
0.3103448152542114,0.31989437341690063,8.999999642372131
0.3448275923728943,0.27720344066619873,10.000000178813934
0.3448275923728943,0.2402927428483963,10.000000178813934
0.3448275923728943,0.20674578845500946,10.000000178813934
0.37931033968925476,0.22203901410102844,10.999999850988388
0.37931033968925476,0.2757222354412079,10.999999850988388
0.4137931168079376,0.3192529082298279,12.000000387430191
0.4137931168079376,0.3529399037361145,12.000000387430191
0.4137931168079376,0.34550848603248596,12.000000387430191
0.4137931168079376,0.34150373935699463,12.000000387430191
0.4137931168079376,0.3863641023635864,12.000000387430191
0.37931033968925476,0.3876795768737793,10.999999850988388
0.37931033968925476,0.4259120225906372,10.999999850988388
0.37931033968925476,0.42278969287872314,10.999999850988388
0.4137931168079376,0.41649919748306274,12.000000387430191
0.4137931168079376,0.41425585746765137,12.000000387430191
0.4137931168079376,0.4142795205116272,12.000000387430191
0.4137931168079376,0.36696237325668335,12.000000387430191
0.4137931168079376,0.3695659339427948,12.000000387430191
0.4137931168079376,0.3761630654335022,12.000000387430191
0.37931033968925476,0.4232918620109558,10.999999850988388
0.3448275923728943,0.4192429184913635,10.000000178813934
0.3448275923728943,0.4113622009754181,10.000000178813934
0.3103448152542114,0.40952956676483154,8.999999642372131
0.3103448152542114,0.40990257263183594,8.999999642372131
0.3103448152542114,0.41169995069503784,8.999999642372131
0.3103448152542114,0.36375272274017334,8.999999642372131
0.3448275923728943,0.31996777653694153,10.000000178813934
0.3448275923728943,0.330691397190094,10.000000178813934
0.3448275923728943,0.2906246781349182,10.000000178813934
0.3448275923728943,0.29686209559440613,10.000000178813934
0.3448275923728943,0.3034559488296509,10.000000178813934
0.3448275923728943,0.3052627444267273,10.000000178813934
0.37931033968925476,0.35039252042770386,10.999999850988388
0.37931033968925476,0.34829023480415344,10.999999850988388
0.37931033968925476,0.34424906969070435,10.999999850988388
0.37931033968925476,0.3434388041496277,10.999999850988388
0.37931033968925476,0.3454461693763733,10.999999850988388
0.37931033968925476,0.34625566005706787,10.999999850988388
0.37931033968925476,0.3903404474258423,10.999999850988388
0.37931033968925476,0.3881750702857971,10.999999850988388
0.37931033968925476,0.3808014392852783,10.999999850988388
0.37931033968925476,0.3793049454689026,10.999999850988388
0.37931033968925476,0.37980952858924866,10.999999850988388
0.37931033968925476,0.38039448857307434,10.999999850988388
0.37931033968925476,0.38033008575439453,10.999999850988388
0.37931033968925476,0.3803570866584778,10.999999850988388
0.37931033968925476,0.3788604438304901,10.999999850988388
0.37931033968925476,0.37843436002731323,10.999999850988388
0.37931033968925476,0.37790942192077637,10.999999850988388
0.37931033968925476,0.3778917193412781,10.999999850988388
0.37931033968925476,0.37789401412010193,10.999999850988388
0.37931033968925476,0.3781196177005768,10.999999850988388
0.37931033968925476,0.3782869875431061,10.999999850988388
0.3448275923728943,0.37864094972610474,10.000000178813934
0.3448275923728943,0.3786376714706421,10.000000178813934
0.3448275923728943,0.378645122051239,10.000000178813934
0.3448275923728943,0.3785542845726013,10.000000178813934
0.3448275923728943,0.37839165329933167,10.000000178813934
0.3448275923728943,0.37841880321502686,10.000000178813934
0.3448275923728943,0.33112049102783203,10.000000178813934
0.3448275923728943,0.33525049686431885,10.000000178813934
0.3448275923728943,0.3417498767375946,10.000000178813934
0.3103448152542114,0.34316277503967285,8.999999642372131
0.27586206793785095,0.3425467014312744,7.999999970197678
0.24137930572032928,0.3421778678894043,6.999999865889549
0.24137930572032928,0.34231114387512207,6.999999865889549
0.27586206793785095,0.3422822952270508,7.999999970197678
0.3103448152542114,0.34349876642227173,8.999999642372131
0.3448275923728943,0.2977622151374817,10.000000178813934
0.3448275923728943,0.2562013864517212,10.000000178813934
0.3448275923728943,0.22104088962078094,10.000000178813934
0.3448275923728943,0.23223134875297546,10.000000178813934
0.3448275923728943,0.2824931740760803,10.000000178813934
0.3448275923728943,0.32295316457748413,10.000000178813934
0.3448275923728943,0.35643672943115234,10.000000178813934
0.3448275923728943,0.3469288647174835,10.000000178813934
0.3103448152542114,0.3421022295951843,8.999999642372131
0.3103448152542114,0.34388256072998047,8.999999642372131
0.3103448152542114,0.34706252813339233,8.999999642372131
0.3103448152542114,0.34840548038482666,8.999999642372131
0.3103448152542114,0.34776461124420166,8.999999642372131
0.3103448152542114,0.34659820795059204,8.999999642372131
0.3103448152542114,0.29937463998794556,8.999999642372131
0.27586206793785095,0.30259791016578674,7.999999970197678
0.24137930572032928,0.30847981572151184,6.999999865889549
0.17241379618644714,0.31006747484207153,5.000000089406967
0.13793103396892548,0.30963021516799927,3.999999985098839
0.1034482792019844,0.3094096779823303,3.0000000968575478
0.1034482792019844,0.30972063541412354,3.0000000968575478
0.13793103396892548,0.26530182361602783,3.999999985098839
0.17241379618644714,0.22600501775741577,5.000000089406967
0.24137930572032928,0.1491146981716156,6.999999865889549
0.24137930572032928,0.12085974216461182,6.999999865889549
0.24137930572032928,0.09354639053344727,6.999999865889549
0.17241379618644714,0.10063120722770691,5.000000089406967
0.17241379618644714,0.14218315482139587,5.000000089406967
0.13793103396892548,0.17806905508041382,3.999999985098839
0.2068965584039688,0.248317152261734,6.0000001937150955
0.2068965584039688,0.24181091785430908,6.0000001937150955
0.2068965584039688,0.2360791712999344,6.0000001937150955
0.17241379618644714,0.16218170523643494,5.000000089406967
0.13793103396892548,0.16981279850006104,3.999999985098839
0.13793103396892548,0.14291027188301086,3.999999985098839
0.13793103396892548,0.2192525863647461,3.999999985098839
0.2068965584039688,0.21944130957126617,6.0000001937150955
0.2068965584039688,0.20770925283432007,6.0000001937150955
0.27586206793785095,0.1664797067642212,7.999999970197678
0.27586206793785095,0.13078540563583374,7.999999970197678
0.24137930572032928,0.13990077376365662,6.999999865889549
0.2068965584039688,0.14466431736946106,6.0000001937150955
0.2068965584039688,0.21995927393436432,6.0000001937150955
0.2068965584039688,0.21521300077438354,6.0000001937150955
0.2068965584039688,0.28142088651657104,6.0000001937150955
0.17241379618644714,0.2790440022945404,5.000000089406967
0.13793103396892548,0.233972430229187,3.999999985098839
0.1034482792019844,0.19840362668037415,3.0000000968575478
0.1034482792019844,0.20748838782310486,3.0000000968575478
0.13793103396892548,0.21448646485805511,3.999999985098839
0.13793103396892548,0.21216954290866852,3.999999985098839
0.17241379618644714,0.17057844996452332,5.000000089406967
0.2068965584039688,0.13028940558433533,6.0000001937150955
0.24137930572032928,0.09812012314796448,6.999999865889549
0.27586206793785095,0.10490390658378601,7.999999970197678
0.27586206793785095,0.14664402604103088,7.999999970197678
0.3103448152542114,0.1449582576751709,8.999999642372131
0.3103448152542114,0.17617087066173553,8.999999642372131
0.3103448152542114,0.21113239228725433,8.999999642372131
0.3103448152542114,0.24526381492614746,8.999999642372131
0.3103448152542114,0.27940183877944946,8.999999642372131
0.3103448152542114,0.27704811096191406,8.999999642372131
0.27586206793785095,0.3135223984718323,7.999999970197678
0.24137930572032928,0.3145739436149597,6.999999865889549
0.17241379618644714,0.312783420085907,5.000000089406967
0.13793103396892548,0.3130874037742615,3.999999985098839
0.1034482792019844,0.31378084421157837,3.0000000968575478
0.13793103396892548,0.31379055976867676,3.999999985098839
0.17241379618644714,0.2690045237541199,5.000000089406967
0.2068965584039688,0.228013277053833,6.0000001937150955
0.24137930572032928,0.14906719326972961,6.999999865889549
0.27586206793785095,0.12016421556472778,7.999999970197678
0.27586206793785095,0.09280118346214294,7.999999970197678
0.27586206793785095,0.1393604576587677,7.999999970197678
0.3103448152542114,0.1803389936685562,8.999999642372131
0.3448275923728943,0.21221554279327393,10.000000178813934
0.3448275923728943,0.24419187009334564,10.000000178813934
0.3448275923728943,0.27763062715530396,10.000000178813934
0.3448275923728943,0.27564752101898193,10.000000178813934
0.3448275923728943,0.2740815579891205,10.000000178813934
0.3448275923728943,0.3166366219520569,10.000000178813934
0.3448275923728943,0.3575650453567505,10.000000178813934
0.3448275923728943,0.3527156710624695,10.000000178813934
0.3448275923728943,0.34668636322021484,10.000000178813934
0.37931033968925476,0.34603917598724365,10.999999850988388
0.37931033968925476,0.34634971618652344,10.999999850988388
0.37931033968925476,0.34653353691101074,10.999999850988388
0.37931033968925476,0.3464897871017456,10.999999850988388
0.37931033968925476,0.3455091714859009,10.999999850988388
0.37931033968925476,0.3441966772079468,10.999999850988388
0.37931033968925476,0.3885616660118103,10.999999850988388
0.37931033968925476,0.3857599198818207,10.999999850988388
0.37931033968925476,0.37943750619888306,10.999999850988388
0.37931033968925476,0.378132700920105,10.999999850988388
0.37931033968925476,0.3786579966545105,10.999999850988388
0.37931033968925476,0.37921297550201416,10.999999850988388
0.37931033968925476,0.37917017936706543,10.999999850988388
0.3448275923728943,0.37933987379074097,10.000000178813934
0.3448275923728943,0.37841400504112244,10.000000178813934
0.3103448152542114,0.37831079959869385,8.999999642372131
0.3103448152542114,0.3780468702316284,8.999999642372131
0.27586206793785095,0.37809842824935913,7.999999970197678
0.27586206793785095,0.37792903184890747,7.999999970197678
0.27586206793785095,0.33053314685821533,7.999999970197678
0.27586206793785095,0.334721177816391,7.999999970197678
0.27586206793785095,0.2938140630722046,7.999999970197678
0.27586206793785095,0.299444317817688,7.999999970197678
0.27586206793785095,0.2584480345249176,7.999999970197678
0.27586206793785095,0.2639002203941345,7.999999970197678
0.27586206793785095,0.26986420154571533,7.999999970197678
0.27586206793785095,0.27103912830352783,7.999999970197678
0.27586206793785095,0.2719498872756958,7.999999970197678
0.27586206793785095,0.27197617292404175,7.999999970197678
0.27586206793785095,0.27380770444869995,7.999999970197678
0.27586206793785095,0.27422717213630676,7.999999970197678
0.27586206793785095,0.27591386437416077,7.999999970197678
0.27586206793785095,0.27631133794784546,7.999999970197678
0.24137930572032928,0.27651286125183105,6.999999865889549
0.2068965584039688,0.276458740234375,6.0000001937150955
0.2068965584039688,0.2764429450035095,6.0000001937150955
0.24137930572032928,0.2764090597629547,6.999999865889549
0.27586206793785095,0.2763109505176544,7.999999970197678
0.27586206793785095,0.2762061357498169,7.999999970197678
0.24137930572032928,0.23324702680110931,6.999999865889549
0.2068965584039688,0.19419485330581665,6.0000001937150955
0.13793103396892548,0.20241771638393402,3.999999985098839
0.13793103396892548,0.24969834089279175,3.999999985098839
0.1034482792019844,0.28874340653419495,3.0000000968575478
0.17241379618644714,0.2803700864315033,5.000000089406967
0.2068965584039688,0.23279951512813568,6.0000001937150955
0.2068965584039688,0.19460350275039673,6.0000001937150955
0.24137930572032928,0.12474817037582397,6.999999865889549
0.27586206793785095,0.13617640733718872,7.999999970197678
0.27586206793785095,0.10707685351371765,7.999999970197678
0.3103448152542114,0.1821098029613495,8.999999642372131
0.3103448152542114,0.21928784251213074,8.999999642372131
0.3103448152542114,0.20820888876914978,8.999999642372131
0.3103448152542114,0.2406368851661682,8.999999642372131
0.3103448152542114,0.27944979071617126,8.999999642372131
0.3103448152542114,0.2785862684249878,8.999999642372131
0.3103448152542114,0.3140665292739868,8.999999642372131
0.3103448152542114,0.31598883867263794,8.999999642372131
0.3103448152542114,0.3120391368865967,8.999999642372131
0.27586206793785095,0.3115927577018738,7.999999970197678
0.27586206793785095,0.3128950893878937,7.999999970197678
0.27586206793785095,0.31287938356399536,7.999999970197678
0.27586206793785095,0.3118962049484253,7.999999970197678
0.3103448152542114,0.311944842338562,8.999999642372131
0.3103448152542114,0.31059542298316956,8.999999642372131
0.3103448152542114,0.2660142779350281,8.999999642372131
0.3103448152542114,0.2692001760005951,8.999999642372131
0.3103448152542114,0.2748342454433441,8.999999642372131
0.3103448152542114,0.27578768134117126,8.999999642372131
0.3103448152542114,0.31815168261528015,8.999999642372131
0.3103448152542114,0.315015971660614,8.999999642372131
0.3103448152542114,0.3095252513885498,8.999999642372131
0.27586206793785095,0.3085642457008362,7.999999970197678
0.27586206793785095,0.3107208013534546,7.999999970197678
0.27586206793785095,0.3116416931152344,7.999999970197678
0.24137930572032928,0.31196892261505127,6.999999865889549
0.24137930572032928,0.31215643882751465,6.999999865889549
0.24137930572032928,0.31108421087265015,6.999999865889549
0.24137930572032928,0.26678258180618286,6.999999865889549
0.24137930572032928,0.2698146402835846,6.999999865889549
0.24137930572032928,0.2755240201950073,6.999999865889549
0.24137930572032928,0.23262597620487213,6.999999865889549
0.24137930572032928,0.23544451594352722,6.999999865889549
0.24137930572032928,0.24045240879058838,6.999999865889549
0.24137930572032928,0.2413255274295807,6.999999865889549
0.24137930572032928,0.24058498442173004,6.999999865889549
0.24137930572032928,0.24106714129447937,6.999999865889549
0.24137930572032928,0.24135829508304596,6.999999865889549
0.24137930572032928,0.24148866534233093,6.999999865889549
0.24137930572032928,0.24263796210289001,6.999999865889549
0.24137930572032928,0.24286334216594696,6.999999865889549
0.24137930572032928,0.24308329820632935,6.999999865889549
0.24137930572032928,0.24296049773693085,6.999999865889549
0.24137930572032928,0.2428392469882965,6.999999865889549
0.24137930572032928,0.24273499846458435,6.999999865889549
0.24137930572032928,0.24261270463466644,6.999999865889549
0.24137930572032928,0.24255502223968506,6.999999865889549
0.24137930572032928,0.24246478080749512,6.999999865889549
0.24137930572032928,0.2424059808254242,6.999999865889549
0.24137930572032928,0.24239492416381836,6.999999865889549
0.27586206793785095,0.24246349930763245,7.999999970197678
0.27586206793785095,0.24247239530086517,7.999999970197678
0.27586206793785095,0.24245545268058777,7.999999970197678
0.27586206793785095,0.2423192262649536,7.999999970197678
0.27586206793785095,0.24217553436756134,7.999999970197678
0.24137930572032928,0.24228091537952423,6.999999865889549
0.24137930572032928,0.2831452488899231,6.999999865889549
0.24137930572032928,0.28115949034690857,6.999999865889549
0.24137930572032928,0.27637380361557007,6.999999865889549
0.24137930572032928,0.2761611044406891,6.999999865889549
0.24137930572032928,0.27753832936286926,6.999999865889549
0.27586206793785095,0.23657700419425964,7.999999970197678
0.27586206793785095,0.23931372165679932,7.999999970197678
0.3103448152542114,0.24453653395175934,8.999999642372131
0.3103448152542114,0.24408243596553802,8.999999642372131
0.3103448152542114,0.24281756579875946,8.999999642372131
0.27586206793785095,0.24205376207828522,7.999999970197678
0.27586206793785095,0.2828444838523865,7.999999970197678
0.27586206793785095,0.2807753384113312,7.999999970197678
0.27586206793785095,0.31763529777526855,7.999999970197678
0.24137930572032928,0.3153768479824066,6.999999865889549
0.2068965584039688,0.31123125553131104,6.0000001937150955
0.17241379618644714,0.2687643766403198,5.000000089406967
0.17241379618644714,0.2723994255065918,5.000000089406967
0.2068965584039688,0.27847838401794434,6.0000001937150955
0.24137930572032928,0.27826324105262756,6.999999865889549
0.27586206793785095,0.23420897126197815,7.999999970197678
0.27586206793785095,0.19296321272850037,7.999999970197678
0.27586206793785095,0.15962208807468414,7.999999970197678
0.24137930572032928,0.16819608211517334,6.999999865889549
0.24137930572032928,0.21467658877372742,6.999999865889549
0.24137930572032928,0.25262826681137085,6.999999865889549
0.24137930572032928,0.2846134603023529,6.999999865889549
0.27586206793785095,0.27674269676208496,7.999999970197678
0.27586206793785095,0.2730405926704407,7.999999970197678
0.27586206793785095,0.23498255014419556,7.999999970197678
0.24137930572032928,0.24025462567806244,6.999999865889549
0.2068965584039688,0.2465423047542572,6.0000001937150955
0.17241379618644714,0.24656105041503906,5.000000089406967
0.17241379618644714,0.28541621565818787,5.000000089406967
0.2068965584039688,0.2815549969673157,6.0000001937150955
0.2068965584039688,0.2760702967643738,6.0000001937150955
0.2068965584039688,0.23325903713703156,6.0000001937150955
0.1034482792019844,0.19670897722244263,3.0000000968575478
0.1034482792019844,0.16445279121398926,3.0000000968575478
0.1034482792019844,0.17253336310386658,3.0000000968575478
0.17241379618644714,0.21675436198711395,5.000000089406967
0.2068965584039688,0.21309128403663635,6.0000001937150955
0.24137930572032928,0.20667025446891785,6.999999865889549
0.24137930572032928,0.08882835507392883,6.999999865889549
0.24137930572032928,0.09632977843284607,6.999999865889549
0.24137930572032928,0.1106170117855072,6.999999865889549
0.24137930572032928,0.18589261174201965,6.999999865889549
0.24137930572032928,0.2196751832962036,6.999999865889549
0.2068965584039688,0.2454230636358261,6.0000001937150955
0.2068965584039688,0.23926980793476105,6.0000001937150955
0.13793103396892548,0.23622028529644012,3.999999985098839
0.1034482792019844,0.24152053892612457,3.0000000968575478
0.06896551698446274,0.2445206642150879,1.9999999925494194
0.06896551698446274,0.24660320580005646,1.9999999925494194
0.06896551698446274,0.20567084848880768,1.9999999925494194
0.1034482792019844,0.20657487213611603,3.0000000968575478
0.17241379618644714,0.13024765253067017,5.000000089406967
0.2068965584039688,0.0962117612361908,6.0000001937150955
0.24137930572032928,0.06854194402694702,6.999999865889549
0.24137930572032928,0.07389426231384277,6.999999865889549
0.2068965584039688,0.07622569799423218,6.0000001937150955
0.2068965584039688,0.10925707221031189,6.0000001937150955
0.13793103396892548,0.17897284030914307,3.999999985098839
0.13793103396892548,0.20949558913707733,3.999999985098839
0.13793103396892548,0.23900370299816132,3.999999985098839
0.17241379618644714,0.2370637059211731,5.000000089406967
0.2068965584039688,0.20056921243667603,6.0000001937150955
0.2068965584039688,0.20522266626358032,6.0000001937150955
0.17241379618644714,0.1375579535961151,5.000000089406967
0.13793103396892548,0.14074695110321045,3.999999985098839
0.06896551698446274,0.1462588608264923,1.9999999925494194
0.1034482792019844,0.18242211639881134,3.0000000968575478
0.1034482792019844,0.21611039340496063,3.0000000968575478
0.13793103396892548,0.20899668335914612,3.999999985098839
0.13793103396892548,0.16678620874881744,3.999999985098839
0.1034482792019844,0.13156715035438538,3.0000000968575478
0.1034482792019844,0.06874850392341614,3.0000000968575478
0.1034482792019844,0.11029136180877686,3.0000000968575478
0.17241379618644714,0.11687809228897095,5.000000089406967
0.2068965584039688,0.14674457907676697,6.0000001937150955
0.24137930572032928,0.1418781876564026,6.999999865889549
0.24137930572032928,0.10147705674171448,6.999999865889549
0.24137930572032928,0.10303044319152832,6.999999865889549
0.2068965584039688,0.10873782634735107,6.0000001937150955
0.17241379618644714,0.18156754970550537,5.000000089406967
0.1034482792019844,0.2160465121269226,3.0000000968575478
0.06896551698446274,0.24440650641918182,1.9999999925494194
0.03448275849223137,0.2393554300069809,0.9999999962747097
0.06896551698446274,0.23776637017726898,1.9999999925494194
0.1034482792019844,0.20354381203651428,3.0000000968575478
0.17241379618644714,0.16952016949653625,5.000000089406967
0.17241379618644714,0.10171812772750854,5.000000089406967
0.17241379618644714,0.07057374715805054,5.000000089406967
0.13793103396892548,0.04182535409927368,3.999999985098839
0.13793103396892548,0.07740095257759094,3.999999985098839
0.17241379618644714,0.11328467726707458,5.000000089406967
0.2068965584039688,0.1784021258354187,6.0000001937150955
0.24137930572032928,0.17247332632541656,6.999999865889549
0.24137930572032928,0.1656438112258911,6.999999865889549
0.24137930572032928,0.1336100995540619,6.999999865889549
0.2068965584039688,0.13862743973731995,6.0000001937150955
0.2068965584039688,0.18124660849571228,6.0000001937150955
0.17241379618644714,0.21804220974445343,5.000000089406967
0.13793103396892548,0.2500144839286804,3.999999985098839
0.06896551698446274,0.24316628277301788,1.9999999925494194
0.1034482792019844,0.2396068572998047,3.0000000968575478
0.1034482792019844,0.20215660333633423,3.0000000968575478
0.17241379618644714,0.2068217545747757,5.000000089406967
0.2068965584039688,0.1736350804567337,6.0000001937150955
0.24137930572032928,0.13663694262504578,6.999999865889549
0.2068965584039688,0.06593754887580872,6.0000001937150955
0.2068965584039688,0.10655540227890015,6.0000001937150955
0.2068965584039688,0.11263659596443176,6.0000001937150955
0.2068965584039688,0.18068349361419678,6.0000001937150955
0.2068965584039688,0.2144852876663208,6.0000001937150955
0.2068965584039688,0.242008239030838,6.0000001937150955
0.17241379618644714,0.20064665377140045,5.000000089406967
0.13793103396892548,0.20081296563148499,3.999999985098839
0.06896551698446274,0.2099926471710205,1.9999999925494194
0.06896551698446274,0.21240338683128357,1.9999999925494194
0.03448275849223137,0.2131214141845703,0.9999999962747097
0.03448275849223137,0.21124890446662903,0.9999999962747097
0.03448275849223137,0.1711721420288086,0.9999999962747097
0.03448275849223137,0.1327233612537384,0.9999999962747097
0.06896551698446274,0.06519103050231934,1.9999999925494194
0.1034482792019844,0.0717204213142395,3.0000000968575478
0.17241379618644714,0.04425564408302307,5.000000089406967
0.2068965584039688,0.04312467575073242,6.0000001937150955
0.24137930572032928,0.0436762273311615,6.999999865889549
0.24137930572032928,0.042040616273880005,6.999999865889549
0.24137930572032928,0.0736573338508606,6.999999865889549
0.2068965584039688,0.10691675543785095,6.0000001937150955
0.17241379618644714,0.17297521233558655,5.000000089406967
0.13793103396892548,0.2050638645887375,3.999999985098839
0.06896551698446274,0.23601575195789337,1.9999999925494194
0.06896551698446274,0.23590466380119324,1.9999999925494194
0.03448275849223137,0.2369336187839508,0.9999999962747097
0.06896551698446274,0.20427484810352325,1.9999999925494194
0.1034482792019844,0.17048349976539612,3.0000000968575478
0.17241379618644714,0.1391475796699524,5.000000089406967
0.2068965584039688,0.06947195529937744,6.0000001937150955
0.24137930572032928,0.07281216979026794,6.999999865889549
0.24137930572032928,0.04257515072822571,6.999999865889549
0.24137930572032928,0.07553306221961975,6.999999865889549
0.24137930572032928,0.11081835627555847,6.999999865889549
0.2068965584039688,0.17722156643867493,6.0000001937150955
0.17241379618644714,0.20820485055446625,5.000000089406967
0.1034482792019844,0.23711064457893372,3.0000000968575478
0.1034482792019844,0.2367936074733734,3.0000000968575478
0.1034482792019844,0.23688040673732758,3.0000000968575478
0.13793103396892548,0.2419283092021942,3.999999985098839
0.13793103396892548,0.20667356252670288,3.999999985098839
0.13793103396892548,0.17066627740859985,3.999999985098839
0.13793103396892548,0.09901180863380432,3.999999985098839
0.17241379618644714,0.10470932722091675,5.000000089406967
0.17241379618644714,0.11053022742271423,5.000000089406967
0.17241379618644714,0.14615470170974731,5.000000089406967
0.1034482792019844,0.14257410168647766,3.0000000968575478
0.1034482792019844,0.137136310338974,3.0000000968575478
0.1034482792019844,0.1375235617160797,3.0000000968575478
0.17241379618644714,0.17543146014213562,5.000000089406967
0.2068965584039688,0.17786888778209686,6.0000001937150955
0.24137930572032928,0.17470236122608185,6.999999865889549
0.24137930572032928,0.10308077931404114,6.999999865889549
0.24137930572032928,0.10471323132514954,6.999999865889549
0.24137930572032928,0.11273512244224548,6.999999865889549
0.24137930572032928,0.18423181772232056,6.999999865889549
0.24137930572032928,0.2185966968536377,6.999999865889549
0.24137930572032928,0.24506476521492004,6.999999865889549
0.24137930572032928,0.2395404875278473,6.999999865889549
0.24137930572032928,0.23697632551193237,6.999999865889549
0.24137930572032928,0.24155128002166748,6.999999865889549
0.2068965584039688,0.24455587565898895,6.0000001937150955
0.17241379618644714,0.24659985303878784,5.000000089406967
0.17241379618644714,0.2455821931362152,5.000000089406967
0.13793103396892548,0.2447538822889328,3.999999985098839
0.13793103396892548,0.24347884953022003,3.999999985098839
0.17241379618644714,0.2431592494249344,5.000000089406967
0.2068965584039688,0.2020653486251831,6.0000001937150955
0.2068965584039688,0.1640910804271698,6.0000001937150955
0.2068965584039688,0.17110639810562134,6.0000001937150955
0.2068965584039688,0.13698813319206238,6.0000001937150955
0.2068965584039688,0.1383456587791443,6.0000001937150955
0.17241379618644714,0.1792755126953125,5.000000089406967
0.13793103396892548,0.21606072783470154,3.999999985098839
0.06896551698446274,0.20930826663970947,1.9999999925494194
0.03448275849223137,0.20477280020713806,0.9999999962747097
0.01,0.20649601519107819,0.29
0.03448275849223137,0.20846685767173767,0.9999999962747097
0.06896551698446274,0.1721700131893158,1.9999999925494194
0.13793103396892548,0.1362384557723999,3.999999985098839
0.13793103396892548,0.067890465259552,3.999999985098839
0.13793103396892548,0.03789791464805603,3.999999985098839
0.06896551698446274,0.011095821857452393,1.9999999925494194
0.06896551698446274,0.045387327671051025,1.9999999925494194
0.06896551698446274,0.07971763610839844,1.9999999925494194
0.13793103396892548,0.14234378933906555,3.999999985098839
0.17241379618644714,0.13715860247612,5.000000089406967
0.2068965584039688,0.13076066970825195,6.0000001937150955
0.17241379618644714,0.06736335158348083,5.000000089406967
0.13793103396892548,0.07166826725006104,3.999999985098839
0.06896551698446274,0.08152836561203003,1.9999999925494194
0.03448275849223137,0.1484997570514679,0.9999999962747097
0.01,0.18226373195648193,0.29
0.03448275849223137,0.20823532342910767,0.9999999962747097
0.06896551698446274,0.16766932606697083,1.9999999925494194
0.17241379618644714,0.13054978847503662,5.000000089406967
0.2068965584039688,0.07011821866035461,6.0000001937150955
0.24137930572032928,0.043789297342300415,6.999999865889549
0.24137930572032928,0.018394112586975098,6.999999865889549
0.24137930572032928,0.04898226261138916,6.999999865889549
0.24137930572032928,0.08132514357566833,6.999999865889549
0.2068965584039688,0.17643693089485168,6.0000001937150955
0.17241379618644714,0.20732472836971283,5.000000089406967
0.1034482792019844,0.23209157586097717,3.0000000968575478
0.06896551698446274,0.2316695600748062,1.9999999925494194
0.03448275849223137,0.23425114154815674,0.9999999962747097
0.03448275849223137,0.24061861634254456,0.9999999962747097
0.03448275849223137,0.20666936039924622,0.9999999962747097
0.03448275849223137,0.17144685983657837,0.9999999962747097
0.03448275849223137,0.09940388798713684,0.9999999962747097
0.03448275849223137,0.06838691234588623,0.9999999962747097
0.03448275849223137,0.03949353098869324,0.9999999962747097
0.03448275849223137,0.04224807024002075,0.9999999962747097
0.03448275849223137,0.04337155818939209,0.9999999962747097
0.03448275849223137,0.0412331223487854,0.9999999962747097
0.03448275849223137,0.04005664587020874,0.9999999962747097
0.06896551698446274,0.039748936891555786,1.9999999925494194
0.1034482792019844,0.04112505912780762,3.0000000968575478
0.2068965584039688,0.04174205660820007,6.0000001937150955
0.24137930572032928,0.04254448413848877,6.999999865889549
0.27586206793785095,0.04254722595214844,7.999999970197678
0.3103448152542114,0.04251581430435181,8.999999642372131
0.3103448152542114,0.07367786765098572,8.999999642372131
0.3103448152542114,0.10711979866027832,8.999999642372131
0.3103448152542114,0.20440241694450378,8.999999642372131
0.3103448152542114,0.23881161212921143,8.999999642372131
0.3103448152542114,0.26604771614074707,8.999999642372131
0.3103448152542114,0.3022146224975586,8.999999642372131
0.3103448152542114,0.30548787117004395,8.999999642372131
0.27586206793785095,0.30740511417388916,7.999999970197678
0.24137930572032928,0.3112693727016449,6.999999865889549
0.17241379618644714,0.3147627115249634,5.000000089406967
0.13793103396892548,0.31393325328826904,3.999999985098839
0.1034482792019844,0.31307029724121094,3.0000000968575478
0.1034482792019844,0.31175410747528076,3.0000000968575478
0.13793103396892548,0.2664140462875366,3.999999985098839
0.17241379618644714,0.2258017212152481,5.000000089406967
0.24137930572032928,0.14871665835380554,6.999999865889549
0.24137930572032928,0.12053051590919495,6.999999865889549
0.24137930572032928,0.0936984121799469,6.999999865889549
0.17241379618644714,0.1006721556186676,5.000000089406967
0.17241379618644714,0.14210349321365356,5.000000089406967
0.17241379618644714,0.17777088284492493,5.000000089406967
0.24137930572032928,0.24792887270450592,6.999999865889549
0.27586206793785095,0.24046190083026886,7.999999970197678
0.3103448152542114,0.23449371755123138,8.999999642372131
0.3103448152542114,0.16127657890319824,8.999999642372131
0.3103448152542114,0.16953647136688232,8.999999642372131
0.3103448152542114,0.1804754137992859,8.999999642372131
0.27586206793785095,0.25683316588401794,7.999999970197678
0.24137930572032928,0.2919175326824188,6.999999865889549
0.17241379618644714,0.3178565502166748,5.000000089406967
0.13793103396892548,0.3105466961860657,3.999999985098839
0.1034482792019844,0.3066016435623169,3.0000000968575478
0.13793103396892548,0.3106197416782379,3.999999985098839
0.13793103396892548,0.2716446816921234,3.999999985098839
0.17241379618644714,0.23369063436985016,5.000000089406967
0.2068965584039688,0.15626156330108643,6.0000001937150955
0.27586206793785095,0.12568625807762146,7.999999970197678
0.27586206793785095,0.09647834300994873,7.999999970197678
0.27586206793785095,0.14115598797798157,7.999999970197678
0.27586206793785095,0.14272722601890564,7.999999970197678
0.24137930572032928,0.17503604292869568,6.999999865889549
0.24137930572032928,0.2107233852148056,6.999999865889549
0.24137930572032928,0.28155142068862915,6.999999865889549
0.27586206793785095,0.27846187353134155,7.999999970197678
0.24137930572032928,0.2717646360397339,6.999999865889549
0.24137930572032928,0.2746776342391968,6.999999865889549
0.2068965584039688,0.23804844915866852,6.0000001937150955
0.24137930572032928,0.24208702147006989,6.999999865889549
0.27586206793785095,0.24662630259990692,7.999999970197678
0.3103448152542114,0.2873225212097168,8.999999642372131
0.3448275923728943,0.24071823060512543,10.000000178813934
0.3448275923728943,0.23702649772167206,10.000000178813934
0.3448275923728943,0.19953066110610962,10.000000178813934
0.3103448152542114,0.2443765550851822,8.999999642372131
0.27586206793785095,0.28911155462265015,7.999999970197678
0.24137930572032928,0.3233584761619568,6.999999865889549
0.2068965584039688,0.355948805809021,6.0000001937150955
0.13793103396892548,0.3477191925048828,3.999999985098839
0.17241379618644714,0.34402090311050415,5.000000089406967
0.17241379618644714,0.3020747900009155,5.000000089406967
0.24137930572032928,0.26431769132614136,6.999999865889549
0.24137930572032928,0.22893542051315308,6.999999865889549
0.27586206793785095,0.19380101561546326,7.999999970197678
0.24137930572032928,0.11584410071372986,6.999999865889549
0.2068965584039688,0.1667405217885971,6.0000001937150955
0.17241379618644714,0.1735614836215973,5.000000089406967
0.2068965584039688,0.2502205967903137,6.0000001937150955
0.24137930572032928,0.24491046369075775,6.999999865889549
0.27586206793785095,0.2763020992279053,7.999999970197678
0.3103448152542114,0.23504412174224854,8.999999642372131
0.27586206793785095,0.19600459933280945,7.999999970197678
0.24137930572032928,0.16687655448913574,6.999999865889549
0.17241379618644714,0.21369662880897522,5.000000089406967
0.13793103396892548,0.25703534483909607,3.999999985098839
0.1034482792019844,0.28796833753585815,3.0000000968575478
0.17241379618644714,0.3192782998085022,5.000000089406967
0.2068965584039688,0.2704499661922455,6.0000001937150955
0.27586206793785095,0.22852346301078796,7.999999970197678
0.27586206793785095,0.15650558471679688,7.999999970197678
0.27586206793785095,0.13029015064239502,7.999999970197678
0.24137930572032928,0.1022598147392273,6.999999865889549
0.2068965584039688,0.18333224952220917,6.0000001937150955
0.2068965584039688,0.22091449797153473,6.0000001937150955
0.24137930572032928,0.2841322422027588,6.999999865889549
0.24137930572032928,0.27507883310317993,6.999999865889549
0.27586206793785095,0.26828533411026,7.999999970197678
0.27586206793785095,0.23312754929065704,7.999999970197678
0.24137930572032928,0.19992965459823608,6.999999865889549
0.2068965584039688,0.2098144292831421,6.0000001937150955
0.13793103396892548,0.2534911632537842,3.999999985098839
0.13793103396892548,0.2504563331604004,3.999999985098839
0.1034482792019844,0.282041072845459,3.0000000968575478
0.17241379618644714,0.27828171849250793,5.000000089406967
0.2068965584039688,0.2318144589662552,6.0000001937150955
0.24137930572032928,0.1953759491443634,6.999999865889549
0.2068965584039688,0.12521439790725708,6.0000001937150955
0.2068965584039688,0.1363554298877716,6.0000001937150955
0.13793103396892548,0.10580167174339294,3.999999985098839
0.13793103396892548,0.18191689252853394,3.999999985098839
0.13793103396892548,0.21874354779720306,3.999999985098839
0.17241379618644714,0.245838463306427,5.000000089406967
0.17241379618644714,0.20063571631908417,5.000000089406967
0.13793103396892548,0.20004642009735107,3.999999985098839
0.1034482792019844,0.13309931755065918,3.0000000968575478
0.06896551698446274,0.13838434219360352,1.9999999925494194
0.06896551698446274,0.1477816104888916,1.9999999925494194
0.1034482792019844,0.18327775597572327,3.0000000968575478
0.13793103396892548,0.1791883409023285,3.999999985098839
0.2068965584039688,0.13455218076705933,6.0000001937150955
0.2068965584039688,0.0995074212551117,6.0000001937150955
0.24137930572032928,0.07010096311569214,6.999999865889549
0.17241379618644714,0.07726994156837463,5.000000089406967
0.13793103396892548,0.11457318067550659,3.999999985098839
0.1034482792019844,0.14820227026939392,3.0000000968575478
0.1034482792019844,0.21231555938720703,3.0000000968575478
0.1034482792019844,0.20685140788555145,3.0000000968575478
0.13793103396892548,0.2368282526731491,3.999999985098839
0.17241379618644714,0.16581496596336365,5.000000089406967
0.17241379618644714,0.13228639960289001,5.000000089406967
0.13793103396892548,0.10760539770126343,3.999999985098839
0.1034482792019844,0.11304834485054016,3.0000000968575478
0.06896551698446274,0.11467206478118896,1.9999999925494194
0.06896551698446274,0.1462225615978241,1.9999999925494194
0.06896551698446274,0.18005293607711792,1.9999999925494194
0.06896551698446274,0.17288221418857574,1.9999999925494194
0.1034482792019844,0.1339741051197052,3.0000000968575478
0.1034482792019844,0.10144820809364319,3.0000000968575478
0.1034482792019844,0.07450079917907715,3.0000000968575478
0.1034482792019844,0.07913646101951599,3.0000000968575478
0.1034482792019844,0.08167222142219543,3.0000000968575478
0.06896551698446274,0.07890868186950684,1.9999999925494194
0.06896551698446274,0.1094244122505188,1.9999999925494194
0.06896551698446274,0.10826578736305237,1.9999999925494194
0.06896551698446274,0.10515812039375305,1.9999999925494194
0.1034482792019844,0.10583052039146423,3.0000000968575478
0.1034482792019844,0.10804203152656555,3.0000000968575478
0.13793103396892548,0.0757664144039154,3.999999985098839
0.13793103396892548,0.07569700479507446,3.999999985098839
0.1034482792019844,0.07918956875801086,3.0000000968575478
0.1034482792019844,0.07825914025306702,3.0000000968575478
0.1034482792019844,0.11011004447937012,3.0000000968575478
0.1034482792019844,0.10974878072738647,3.0000000968575478
0.1034482792019844,0.14017212390899658,3.0000000968575478
0.1034482792019844,0.1403380036354065,3.0000000968575478
0.13793103396892548,0.104773610830307,3.999999985098839
0.17241379618644714,0.105905681848526,5.000000089406967
0.24137930572032928,0.11103427410125732,6.999999865889549
0.27586206793785095,0.11218369007110596,7.999999970197678
0.3103448152542114,0.11049067974090576,8.999999642372131
0.3103448152542114,0.10986503958702087,8.999999642372131
0.3103448152542114,0.1433555781841278,8.999999642372131
0.3103448152542114,0.17836987972259521,8.999999642372131
0.3103448152542114,0.24704934656620026,8.999999642372131
0.27586206793785095,0.2798723578453064,7.999999970197678
0.24137930572032928,0.30997729301452637,6.999999865889549
0.17241379618644714,0.30766379833221436,5.000000089406967
0.17241379618644714,0.3073820471763611,5.000000089406967
0.13793103396892548,0.31159913539886475,3.999999985098839
0.2068965584039688,0.31413036584854126,6.0000001937150955
0.2068965584039688,0.27298444509506226,6.0000001937150955
0.2068965584039688,0.23129671812057495,6.0000001937150955
0.13793103396892548,0.15305590629577637,3.999999985098839
0.13793103396892548,0.162721186876297,3.999999985098839
0.1034482792019844,0.13070529699325562,3.0000000968575478
0.13793103396892548,0.2138768881559372,3.999999985098839
0.17241379618644714,0.21269896626472473,5.000000089406967
0.24137930572032928,0.20320484042167664,6.999999865889549
0.27586206793785095,0.123737633228302,7.999999970197678
0.3103448152542114,0.13069942593574524,8.999999642372131
0.3103448152542114,0.10628283023834229,8.999999642372131
0.27586206793785095,0.14516040682792664,7.999999970197678
0.24137930572032928,0.18496420979499817,6.999999865889549
0.17241379618644714,0.2519591450691223,5.000000089406967
0.17241379618644714,0.28281545639038086,5.000000089406967
0.13793103396892548,0.310738742351532,3.999999985098839
0.17241379618644714,0.3088964819908142,5.000000089406967
0.2068965584039688,0.26785892248153687,6.0000001937150955
0.24137930572032928,0.23348049819469452,6.999999865889549
0.24137930572032928,0.16123974323272705,6.999999865889549
0.27586206793785095,0.1709422767162323,7.999999970197678
0.24137930572032928,0.13741806149482727,6.999999865889549
0.2068965584039688,0.17682777345180511,6.0000001937150955
0.2068965584039688,0.21556901931762695,6.0000001937150955
0.2068965584039688,0.24810782074928284,6.0000001937150955
0.24137930572032928,0.24075160920619965,6.999999865889549
0.2068965584039688,0.27614524960517883,6.0000001937150955
0.17241379618644714,0.23946940898895264,5.000000089406967
0.17241379618644714,0.19927802681922913,5.000000089406967
0.17241379618644714,0.2076406180858612,5.000000089406967
0.24137930572032928,0.21323058009147644,6.999999865889549
0.27586206793785095,0.25231581926345825,7.999999970197678
0.3103448152542114,0.2075473666191101,8.999999642372131
0.27586206793785095,0.16393667459487915,7.999999970197678
0.24137930572032928,0.16854187846183777,6.999999865889549
0.17241379618644714,0.175245463848114,5.000000089406967
0.17241379618644714,0.2541843354701996,5.000000089406967
0.13793103396892548,0.2898711562156677,3.999999985098839
0.2068965584039688,0.31836000084877014,6.0000001937150955
0.2068965584039688,0.26972895860671997,6.0000001937150955
0.24137930572032928,0.228408083319664,6.999999865889549
0.24137930572032928,0.15750731527805328,6.999999865889549
0.27586206793785095,0.16969944536685944,7.999999970197678
0.27586206793785095,0.13994619250297546,7.999999970197678
0.27586206793785095,0.21778425574302673,7.999999970197678
0.24137930572032928,0.21578261256217957,6.999999865889549
0.17241379618644714,0.24411264061927795,5.000000089406967
0.13793103396892548,0.24102763831615448,3.999999985098839
0.1034482792019844,0.2778429388999939,3.0000000968575478
0.13793103396892548,0.27987203001976013,3.999999985098839
0.17241379618644714,0.2768557667732239,5.000000089406967
0.2068965584039688,0.23844093084335327,6.0000001937150955
0.2068965584039688,0.15899814665317535,6.0000001937150955
0.2068965584039688,0.1292819380760193,6.0000001937150955
0.17241379618644714,0.10049402713775635,5.000000089406967
0.13793103396892548,0.14436277747154236,3.999999985098839
0.13793103396892548,0.1827414333820343,3.999999985098839
0.2068965584039688,0.21400736272335052,6.0000001937150955
0.2068965584039688,0.20594561100006104,6.0000001937150955
0.24137930572032928,0.20221738517284393,6.999999865889549
0.2068965584039688,0.1675810068845749,6.0000001937150955
0.2068965584039688,0.13504210114479065,6.0000001937150955
0.17241379618644714,0.1427781879901886,5.000000089406967
0.1034482792019844,0.2209022492170334,3.0000000968575478
0.13793103396892548,0.21830059587955475,3.999999985098839
0.13793103396892548,0.24534888565540314,3.999999985098839
0.2068965584039688,0.20373046398162842,6.0000001937150955
0.24137930572032928,0.20257693529129028,6.999999865889549
0.27586206793785095,0.17039063572883606,7.999999970197678
0.27586206793785095,0.0992489755153656,7.999999970197678
0.27586206793785095,0.1431075930595398,7.999999970197678
0.27586206793785095,0.148161381483078,7.999999970197678
0.27586206793785095,0.2184971570968628,7.999999970197678
0.27586206793785095,0.2505382299423218,7.999999970197678
0.27586206793785095,0.279311865568161,7.999999970197678
0.27586206793785095,0.27347519993782043,7.999999970197678
0.24137930572032928,0.27172720432281494,6.999999865889549
0.2068965584039688,0.2769601047039032,6.0000001937150955
0.17241379618644714,0.27906113862991333,5.000000089406967
0.17241379618644714,0.28095418214797974,5.000000089406967
0.2068965584039688,0.2798251509666443,6.0000001937150955
0.27586206793785095,0.2790399193763733,7.999999970197678
0.3448275923728943,0.23547717928886414,10.000000178813934
0.37931033968925476,0.1955280303955078,10.999999850988388
0.37931033968925476,0.16154134273529053,10.999999850988388
0.37931033968925476,0.16976004838943481,10.999999850988388
0.3448275923728943,0.21468676626682281,10.000000178813934
0.3448275923728943,0.2924077808856964,10.000000178813934
0.3103448152542114,0.36218714714050293,8.999999642372131
0.3103448152542114,0.3881535530090332,8.999999642372131
0.3448275923728943,0.37693527340888977,10.000000178813934
0.3448275923728943,0.37395015358924866,10.000000178813934
0.37931033968925476,0.3366604447364807,10.999999850988388
0.3448275923728943,0.34274032711982727,10.000000178813934
0.3448275923728943,0.30485308170318604,10.000000178813934
0.37931033968925476,0.30760738253593445,10.999999850988388
0.4137931168079376,0.35541096329689026,12.000000387430191
0.48275861144065857,0.35139691829681396,13.999999731779099
0.48275861144065857,0.3882972002029419,13.999999731779099
0.48275861144065857,0.33743149042129517,13.999999731779099
0.4482758641242981,0.33621424436569214,13.000000059604645
0.4137931168079376,0.3868407905101776,12.000000387430191
0.4137931168079376,0.43192601203918457,12.000000387430191
0.4137931168079376,0.5090901255607605,12.000000387430191
0.4482758641242981,0.4981110095977783,13.000000059604645
0.4482758641242981,0.4843223989009857,13.000000059604645
0.4482758641242981,0.43459510803222656,13.000000059604645
0.4482758641242981,0.3922387957572937,13.000000059604645
0.4482758641242981,0.4048944115638733,13.000000059604645
0.48275861144065857,0.4131143093109131,13.999999731779099
0.48275861144065857,0.4609714150428772,13.999999731779099
0.4482758641242981,0.45363906025886536,13.000000059604645
0.4482758641242981,0.44445401430130005,13.000000059604645
0.4482758641242981,0.44160234928131104,13.000000059604645
0.4482758641242981,0.4431009292602539,13.000000059604645
0.4482758641242981,0.49257928133010864,13.000000059604645
0.4137931168079376,0.490300714969635,12.000000387430191
0.37931033968925476,0.4340513050556183,10.999999850988388
0.3103448152542114,0.4346541166305542,8.999999642372131
0.3103448152542114,0.4423127770423889,8.999999642372131
0.3448275923728943,0.4446648359298706,10.000000178813934
0.37931033968925476,0.4443507492542267,10.999999850988388
0.4482758641242981,0.3939238488674164,13.000000059604645
0.48275861144065857,0.3476976752281189,13.999999731779099
0.4482758641242981,0.2585761547088623,13.000000059604645
0.4137931168079376,0.2820810079574585,12.000000387430191
0.37931033968925476,0.34738796949386597,10.999999850988388
0.37931033968925476,0.39351004362106323,10.999999850988388
0.4137931168079376,0.4720457196235657,12.000000387430191
0.4482758641242981,0.5022659301757812,13.000000059604645
0.48275861144065857,0.4423830807209015,13.999999731779099
0.48275861144065857,0.39038458466529846,13.999999731779099
0.48275861144065857,0.35591551661491394,13.999999731779099
0.48275861144065857,0.37106406688690186,13.999999731779099
0.48275861144065857,0.4263994097709656,13.999999731779099
0.48275861144065857,0.4692665934562683,13.999999731779099
0.48275861144065857,0.5017256736755371,13.999999731779099
0.48275861144065857,0.48799967765808105,13.999999731779099
0.48275861144065857,0.47937411069869995,13.999999731779099
0.48275861144065857,0.479390025138855,13.999999731779099
0.4482758641242981,0.4824596643447876,13.000000059604645
0.4137931168079376,0.4837946891784668,12.000000387430191
0.37931033968925476,0.4831794500350952,10.999999850988388
0.3103448152542114,0.4819295108318329,8.999999642372131
0.3103448152542114,0.4801463186740875,8.999999642372131
0.3103448152542114,0.4793489873409271,8.999999642372131
0.4137931168079376,0.4282341003417969,12.000000387430191
0.4137931168079376,0.38104677200317383,12.000000387430191
0.4137931168079376,0.34198659658432007,12.000000387430191
0.3448275923728943,0.25314563512802124,10.000000178813934
0.3448275923728943,0.27634015679359436,10.000000178813934
0.3448275923728943,0.29334133863449097,10.000000178813934
0.37931033968925476,0.43823444843292236,10.999999850988388
0.37931033968925476,0.4289533197879791,10.999999850988388
0.3448275923728943,0.409152626991272,10.000000178813934
0.3448275923728943,0.31200018525123596,10.000000178813934
0.3448275923728943,0.3250161409378052,10.000000178813934
0.4137931168079376,0.34307312965393066,12.000000387430191
0.4482758641242981,0.3922473192214966,13.000000059604645
0.48275861144065857,0.3889344334602356,13.999999731779099
0.48275861144065857,0.33155325055122375,13.999999731779099
0.48275861144065857,0.3336401581764221,13.999999731779099
0.48275861144065857,0.33992862701416016,13.999999731779099
0.4482758641242981,0.43386292457580566,13.000000059604645
0.4137931168079376,0.4731791019439697,12.000000387430191
0.3448275923728943,0.5013574957847595,10.000000178813934
0.3448275923728943,0.4889724850654602,10.000000178813934
0.3448275923728943,0.48172229528427124,10.000000178813934
0.4137931168079376,0.4829166531562805,12.000000387430191
0.4482758641242981,0.4365493059158325,13.000000059604645
0.48275861144065857,0.39198070764541626,13.999999731779099
0.4482758641242981,0.2997417747974396,13.000000059604645
0.4482758641242981,0.3185633420944214,13.000000059604645
0.4137931168079376,0.33189690113067627,12.000000387430191
0.37931033968925476,0.4306788742542267,10.999999850988388
0.3448275923728943,0.46895527839660645,10.000000178813934
0.3103448152542114,0.4962961673736572,8.999999642372131
0.3103448152542114,0.43771716952323914,8.999999642372131
0.3448275923728943,0.43418583273887634,10.000000178813934
0.4137931168079376,0.3963686227798462,12.000000387430191
0.4482758641242981,0.35495251417160034,13.000000059604645
0.48275861144065857,0.31821614503860474,13.999999731779099
0.48275861144065857,0.2796560227870941,13.999999731779099
0.48275861144065857,0.2923702597618103,13.999999731779099
0.48275861144065857,0.3465210795402527,13.999999731779099
0.4482758641242981,0.43653008341789246,13.000000059604645
0.4482758641242981,0.4683316946029663,13.000000059604645
0.4482758641242981,0.4957290291786194,13.000000059604645
0.4137931168079376,0.48632925748825073,12.000000387430191
0.4137931168079376,0.4814320206642151,12.000000387430191
0.4137931168079376,0.4833429455757141,12.000000387430191
0.37931033968925476,0.43790870904922485,10.999999850988388
0.37931033968925476,0.44154196977615356,10.999999850988388
0.37931033968925476,0.4469519257545471,10.999999850988388
0.37931033968925476,0.3971824645996094,10.999999850988388
0.37931033968925476,0.3996315002441406,10.999999850988388
0.37931033968925476,0.405856728553772,10.999999850988388
0.37931033968925476,0.3562690019607544,10.999999850988388
0.37931033968925476,0.36094653606414795,10.999999850988388
0.37931033968925476,0.3688592314720154,10.999999850988388
0.3448275923728943,0.3714378774166107,10.000000178813934
0.3448275923728943,0.3717190623283386,10.000000178813934
0.3103448152542114,0.37280139327049255,8.999999642372131
0.3103448152542114,0.37373262643814087,8.999999642372131
0.27586206793785095,0.3744540214538574,7.999999970197678
0.27586206793785095,0.3762761354446411,7.999999970197678
0.27586206793785095,0.32930225133895874,7.999999970197678
0.2068965584039688,0.3345540761947632,6.0000001937150955
0.24137930572032928,0.2934066653251648,6.999999865889549
0.24137930572032928,0.29922419786453247,6.999999865889549
0.3448275923728943,0.2575169801712036,10.000000178813934
0.37931033968925476,0.26285332441329956,10.999999850988388
0.4137931168079376,0.2681034207344055,12.000000387430191
0.4137931168079376,0.17775535583496094,12.000000387430191
0.4137931168079376,0.23143960535526276,12.000000387430191
0.37931033968925476,0.2388545125722885,10.999999850988388
0.37931033968925476,0.3643450140953064,10.999999850988388
0.37931033968925476,0.3982241451740265,10.999999850988388
0.37931033968925476,0.4222560524940491,10.999999850988388
0.37931033968925476,0.41243666410446167,10.999999850988388
0.37931033968925476,0.40819305181503296,10.999999850988388
0.37931033968925476,0.3683873414993286,10.999999850988388
0.37931033968925476,0.3733571171760559,10.999999850988388
0.37931033968925476,0.38203972578048706,10.999999850988388
0.37931033968925476,0.3806803226470947,10.999999850988388
0.37931033968925476,0.37915509939193726,10.999999850988388
0.37931033968925476,0.3767247796058655,10.999999850988388
0.37931033968925476,0.3764875531196594,10.999999850988388
0.37931033968925476,0.3759881854057312,10.999999850988388
0.37931033968925476,0.3769635558128357,10.999999850988388
0.3448275923728943,0.3770860731601715,10.000000178813934
0.3103448152542114,0.3771539032459259,8.999999642372131
0.27586206793785095,0.37704378366470337,7.999999970197678
0.2068965584039688,0.3770606219768524,6.0000001937150955
0.17241379618644714,0.3771880865097046,5.000000089406967
0.13793103396892548,0.37731146812438965,3.999999985098839
0.13793103396892548,0.3303059935569763,3.999999985098839
0.13793103396892548,0.28756892681121826,3.999999985098839
0.13793103396892548,0.2517443001270294,3.999999985098839
0.17241379618644714,0.1720331907272339,5.000000089406967
0.2068965584039688,0.14406302571296692,6.0000001937150955
0.2068965584039688,0.11755022406578064,6.0000001937150955
0.2068965584039688,0.12797722220420837,6.0000001937150955
0.2068965584039688,0.1331934630870819,6.0000001937150955
0.2068965584039688,0.13445869088172913,6.0000001937150955
0.24137930572032928,0.17360973358154297,6.999999865889549
0.27586206793785095,0.21150335669517517,7.999999970197678
0.27586206793785095,0.20850513875484467,7.999999970197678
0.27586206793785095,0.20535941421985626,7.999999970197678
0.2068965584039688,0.20754802227020264,6.0000001937150955
0.17241379618644714,0.20980538427829742,5.000000089406967
0.17241379618644714,0.2491312325000763,5.000000089406967
0.2068965584039688,0.2875882387161255,6.0000001937150955
0.24137930572032928,0.28183332085609436,6.999999865889549
0.24137930572032928,0.2759503722190857,6.999999865889549
0.2068965584039688,0.19527091085910797,6.0000001937150955
0.17241379618644714,0.1615912914276123,5.000000089406967
0.13793103396892548,0.1738038808107376,3.999999985098839
0.13793103396892548,0.21901394426822662,3.999999985098839
0.13793103396892548,0.25514528155326843,3.999999985098839
0.13793103396892548,0.24556878209114075,3.999999985098839
0.17241379618644714,0.19913429021835327,5.000000089406967
0.2068965584039688,0.16168329119682312,6.0000001937150955
0.27586206793785095,0.13321083784103394,7.999999970197678
0.27586206793785095,0.14156481623649597,7.999999970197678
0.3448275923728943,0.14576148986816406,10.000000178813934
